angle_deg,model,n_b,G_T_linear,p_rf_W,at_cap,acm_mode,bits_per_beam_step_bit,bits_per_user_step_bit,energy_per_step_J,ee_bit_per_J
0.000000000,a-r0,1,2000.000000000,0.317637545451,0,QPSK 1/4,2048126311.111111,2048126311.111111,126.824443279,16149302.596229
0.000000000,a-r0,2,2000.000000000,0.509250930598,0,QPSK 2/5,3297987911.111111,1648993955.555555,156.276439932,21103551.581688
0.000000000,a-r0,4,2000.000000000,1.380167610640,0,QPSK 3/4,6214331644.444445,1553582911.111111,246.814036416,25178193.812209
0.000000000,b0,1,2000.000000000,1.650000000000,1,QPSK 4/5,6630952177.777779,6630952177.777779,268.353221940,24709791.556953
0.002766667,a-r0,1,1999.996275008,0.317638137050,0,QPSK 1/4,2048126311.111111,2048126311.111111,126.824546314,16149289.476222
0.002766667,a-r0,2,1999.996275008,0.509251879078,0,QPSK 2/5,3297987911.111111,1648993955.555555,156.276570394,21103533.964147
0.002766667,a-r0,4,1999.996275008,1.380170181201,0,QPSK 3/4,6214331644.444445,1553582911.111111,246.814251190,25178171.902432
0.002766667,b0,1,1999.996275008,1.650000000000,1,QPSK 4/5,6630952177.777779,6630952177.777779,268.353221940,24709791.556953
0.005533333,a-r0,1,1999.985100070,0.317639911857,0,QPSK 1/4,2048126311.111111,2048126311.111111,126.824855419,16149250.116241
0.005533333,a-r0,2,1999.985100070,0.509254724528,0,QPSK 2/5,3297987911.111111,1648993955.555555,156.276961781,21103481.111582
0.005533333,a-r0,4,1999.985100070,1.380177892917,0,QPSK 3/4,6214331644.444445,1553582911.111111,246.814895517,25178106.173184
0.005533333,b0,1,1999.985100070,1.650000000000,1,QPSK 4/5,6630952177.777779,6630952177.777779,268.353221940,24709791.556953
0.008300000,a-r0,1,1999.966475299,0.317642869892,0,QPSK 1/4,2048126311.111111,2048126311.111111,126.825370596,16149184.516409
0.008300000,a-r0,2,1999.966475299,0.509259466984,0,QPSK 2/5,3297987911.111111,1648993955.555555,156.277614094,21103393.024174
0.008300000,a-r0,4,1999.966475299,1.380190745880,0,QPSK 3/4,6214331644.444445,1553582911.111111,246.815969399,25177996.624715
0.008300000,b0,1,1999.966475299,1.650000000000,1,QPSK 4/5,6630952177.777779,6630952177.777779,268.353221940,24709791.556953
0.011066667,a-r0,1,1999.940400884,0.317647011191,0,QPSK 1/4,2048126311.111111,2048126311.111111,126.826091848,16149092.676930
0.011066667,a-r0,2,1999.940400884,0.509266106503,0,QPSK 2/5,3297987911.111111,1648993955.555555,156.278527340,21103269.702218
0.011066667,a-r0,4,1999.940400884,1.380208740250,0,QPSK 3/4,6214331644.444445,1553582911.111111,246.817472843,25177843.257443
0.011066667,b0,1,1999.940400884,1.650000000000,1,QPSK 4/5,6630952177.777779,6630952177.777779,268.353221940,24709791.556953
0.013833333,a-r0,1,1999.906877089,0.317652335806,0,QPSK 1/4,2048126311.111111,2048126311.111111,126.827019181,16148974.598090
0.013833333,a-r0,2,1999.906877089,0.509274643167,0,QPSK 2/5,3297987911.111111,1648993955.555555,156.279701522,21103111.146134
0.013833333,a-r0,4,1999.906877089,1.380231876245,0,QPSK 3/4,6214331644.444445,1553582911.111111,246.819405860,25177646.071950
0.013833333,b0,1,1999.906877089,1.650000000000,1,QPSK 4/5,6630952177.777779,6630952177.777779,268.353221940,24709791.556953
0.016600000,a-r0,1,1999.865904253,0.317658843801,0,QPSK 1/4,2048126311.111111,2048126311.111111,126.828152601,16148830.280257
0.016600000,a-r0,2,1999.865904253,0.509285077080,0,QPSK 2/5,3297987911.111111,1648993955.555555,156.281136651,21102917.356456
0.016600000,a-r0,4,1999.865904253,1.380260154148,0,QPSK 3/4,6214331644.444445,1553582911.111111,246.821768463,25177405.068989
0.016600000,b0,1,1999.865904253,1.650000000000,1,QPSK 4/5,6630952177.777779,6630952177.777779,268.353221940,24709791.556953
0.019366667,a-r0,1,1999.817482791,0.317666535255,0,QPSK 1/4,2048126311.111111,2048126311.111111,126.829492115,16148659.723879
0.019366667,a-r0,2,1999.817482791,0.509297408369,0,QPSK 2/5,3297987911.111111,1648993955.555555,156.282832734,21102688.333840
0.019366667,a-r0,4,1999.817482791,1.380293574305,0,QPSK 3/4,6214331644.444445,1553582911.111111,246.824560667,25177120.249474
0.019366667,b0,1,1999.817482791,1.650000000000,1,QPSK 4/5,6630952177.777779,6630952177.777779,268.353221940,24709791.556953
0.022133333,a-r0,1,1999.761613194,0.317675410264,0,QPSK 1/4,2048126311.111111,2048126311.111111,126.831037731,16148462.929488
0.022133333,a-r0,2,1999.761613194,0.509311637185,0,QPSK 2/5,3297987911.111111,1648993955.555555,156.284789783,21102424.079061
0.022133333,a-r0,4,1999.761613194,1.380332137124,0,QPSK 3/4,6214331644.444445,1553582911.111111,246.827782491,25176791.614492
0.022133333,b0,1,1999.761613194,1.650000000000,1,QPSK 4/5,6630952177.777779,6630952177.777779,268.353221940,24709791.556953
0.024900000,a-r0,1,1999.698296027,0.317685468935,0,QPSK 1/4,2048126311.111111,2048126311.111111,126.832789461,16148239.897696
0.024900000,a-r0,2,1999.698296027,0.509327763703,0,QPSK 2/5,3297987911.111111,1648993955.555555,156.287007812,21102124.593013
0.024900000,a-r0,4,1999.698296027,1.380375843078,0,QPSK 3/4,6214331644.444445,1553582911.111111,246.831433956,25176419.165293
0.024900000,b0,1,1999.698296027,1.650000000000,1,QPSK 4/5,6630952177.777779,6630952177.777779,268.353221940,24709791.556953
0.027666667,a-r0,1,1999.627531931,0.317696711391,0,QPSK 1/4,2048126311.111111,2048126311.111111,126.834747316,16147990.629199
0.027666667,a-r0,2,1999.627531931,0.509345788119,0,QPSK 2/5,3297987911.111111,1648993955.555555,156.289486834,21101789.876707
0.027666667,a-r0,4,1999.627531931,1.380424692700,0,QPSK 3/4,6214331644.444445,1553582911.111111,246.835515086,25176002.903294
0.027666667,b0,1,1999.627531931,1.650000000000,1,QPSK 4/5,6630952177.777779,6630952177.777779,268.353221940,24709791.556953
0.030433333,a-r0,1,1999.549321623,0.317709137770,0,QPSK 1/4,2048126311.111111,2048126311.111111,126.836911308,16147715.124771
0.030433333,a-r0,2,1999.549321623,0.509365710654,0,QPSK 2/5,3297987911.111111,1648993955.555555,156.292226867,21101419.931276
0.030433333,a-r0,4,1999.549321623,1.380478686587,0,QPSK 3/4,6214331644.444445,1553582911.111111,246.840025909,25175542.830079
0.030433333,b0,1,1999.549321623,1.650000000000,1,QPSK 4/5,6630952177.777779,6630952177.777779,268.353221940,24709791.556953
0.033200000,a-r0,1,1999.463665894,0.317722748224,0,QPSK 1/4,2048126311.111111,2048126311.111111,126.839281453,16147413.385270
0.033200000,a-r0,2,1999.463665894,0.509387531551,0,QPSK 2/5,3297987911.111111,1648993955.555555,156.295227928,21101014.757972
0.033200000,a-r0,4,1999.463665894,1.380537825400,0,QPSK 3/4,6214331644.444445,1553582911.111111,246.844966454,25175038.947401
0.033200000,b0,1,1999.463665894,1.650000000000,1,QPSK 4/5,6630952177.777779,6630952177.777779,268.353221940,24709791.556953
0.035966667,a-r0,1,1999.370565613,0.317737542918,0,QPSK 1/4,2048126311.111111,2048126311.111111,126.841857766,16147085.411636
0.035966667,a-r0,2,1999.370565613,0.509411251077,0,QPSK 2/5,3297987911.111111,1648993955.555555,156.298490038,21100574.358163
0.035966667,a-r0,4,1999.370565613,1.380602109861,0,QPSK 3/4,6214331644.444445,1553582911.111111,246.850336754,25174491.257176
0.035966667,b0,1,1999.370565613,1.650000000000,1,QPSK 4/5,6630952177.777779,6630952177.777779,268.353221940,24709791.556953
0.038733333,a-r0,1,1999.270021721,0.317753522035,0,QPSK 1/4,2048126311.111111,2048126311.111111,126.844640263,16146731.204890
0.038733333,a-r0,2,1999.270021721,0.509436869523,0,QPSK 2/5,3297987911.111111,1648993955.555555,156.302013218,21100098.733341
0.038733333,a-r0,4,1999.270021721,1.380671540757,0,QPSK 3/4,6214331644.444445,1553582911.111111,246.856136845,25173899.761490
0.038733333,b0,1,1999.270021721,1.650000000000,1,QPSK 4/5,6630952177.777779,6630952177.777779,268.353221940,24709791.556953
0.041500000,a-r0,1,1999.162035238,0.317770685769,0,QPSK 1/4,2048126311.111111,2048126311.111111,126.847628964,16146350.766134
0.041500000,a-r0,2,1999.162035238,0.509464387200,0,QPSK 2/5,3297987911.111111,1648993955.555555,156.305797491,21099587.885112
0.041500000,a-r0,4,1999.162035238,1.380746118936,0,QPSK 3/4,6214331644.444445,1553582911.111111,246.862366765,25173264.462594
0.041500000,b0,1,1999.162035238,1.650000000000,1,QPSK 4/5,6630952177.777779,6630952177.777779,268.353221940,24709791.556953
0.044266667,a-r0,1,1999.046607255,0.317789034331,0,QPSK 1/4,2048126311.111111,2048126311.111111,126.850823889,16145944.096553
0.044266667,a-r0,2,1999.046607255,0.509493804447,0,QPSK 2/5,3297987911.111111,1648993955.555555,156.309842883,21099041.815206
0.044266667,a-r0,4,1999.046607255,1.380825845311,0,QPSK 3/4,6214331644.444445,1553582911.111111,246.869026556,25172585.362906
0.044266667,b0,1,1999.046607255,1.650000000000,1,QPSK 4/5,6630952177.777779,6630952177.777779,268.353221940,24709791.556953
0.047033333,a-r0,1,1998.923738941,0.317808567944,0,QPSK 1/4,2048126311.111111,2048126311.111111,126.854225058,16145511.197414
0.047033333,a-r0,2,1998.923738941,0.509525121622,0,QPSK 2/5,3297987911.111111,1648993955.555555,156.314149420,21098460.525468
0.047033333,a-r0,4,1998.923738941,1.380910720857,0,QPSK 3/4,6214331644.444445,1553582911.111111,246.876116262,25171862.465010
0.047033333,b0,1,1998.923738941,1.650000000000,1,QPSK 4/5,6630952177.777779,6630952177.777779,268.353221940,24709791.556953
0.049800000,a-r0,1,1998.793431542,0.317829286847,0,QPSK 1/4,2048126311.111111,2048126311.111111,126.857832494,16145052.070063
0.049800000,a-r0,2,1998.793431542,0.509558339108,0,QPSK 2/5,3297987911.111111,1648993955.555555,156.318717131,21097844.017865
0.049800000,a-r0,4,1998.793431542,1.381000746611,0,QPSK 3/4,6214331644.444445,1553582911.111111,246.883635930,25171095.771659
0.049800000,b0,1,1998.793431542,1.650000000000,1,QPSK 4/5,6630952177.777779,6630952177.777779,268.353221940,24709791.556953
0.052566667,a-r0,1,1998.655686375,0.317851191294,0,QPSK 1/4,2048126311.111111,2048126311.111111,126.861646221,16144566.715930
0.052566667,a-r0,2,1998.655686375,0.509593457312,0,QPSK 2/5,3297987911.111111,1648993955.555555,156.323546047,21097192.294481
0.052566667,a-r0,4,1998.655686375,1.381095923674,0,QPSK 3/4,6214331644.444445,1553582911.111111,246.891585609,25170285.285770
0.052566667,b0,1,1998.655686375,1.650000000000,1,QPSK 4/5,6630952177.777779,6630952177.777779,268.353221940,24709791.556953
0.055333333,a-r0,1,1998.510504835,0.317874281554,0,QPSK 1/4,2048126311.111111,2048126311.111111,126.865666265,16144055.136526
0.055333333,a-r0,2,1998.510504835,0.509630476664,0,QPSK 2/5,3297987911.111111,1648993955.555555,156.328636199,21096505.357521
0.055333333,a-r0,4,1998.510504835,1.381196253210,0,QPSK 3/4,6214331644.444445,1553582911.111111,246.899965354,25169431.010428
0.055333333,b0,1,1998.510504835,1.650000000000,1,QPSK 4/5,6630952177.777779,6630952177.777779,268.353221940,24709791.556953
0.058100000,a-r0,1,1998.357888392,0.317898557907,0,QPSK 1/4,2048126311.111111,2048126311.111111,126.869892651,16143517.333445
0.058100000,a-r0,2,1998.357888392,0.509669397615,0,QPSK 2/5,3297987911.111111,1648993955.555555,156.333987622,21095783.209307
0.058100000,a-r0,4,1998.357888392,1.381301736448,0,QPSK 3/4,6214331644.444445,1553582911.111111,246.908775218,25168532.948886
0.058100000,b0,1,1998.357888392,1.650000000000,1,QPSK 4/5,6630952177.777779,6630952177.777779,268.353221940,24709791.556953
0.060866667,a-r0,1,1998.197838590,0.317924020651,0,QPSK 1/4,2048126311.111111,2048126311.111111,126.874325409,16142953.308360
0.060866667,a-r0,2,1998.197838590,0.509710220643,0,QPSK 2/5,3297987911.111111,1648993955.555555,156.339600350,21095025.852284
0.060866667,a-r0,4,1998.197838590,1.381412374676,0,QPSK 3/4,6214331644.444445,1553582911.111111,246.918015261,25167591.104561
0.060866667,b0,1,1998.197838590,1.650000000000,1,QPSK 4/5,6630952177.777779,6630952177.777779,268.353221940,24709791.556953
0.063633333,a-r0,1,1998.030357051,0.317950670098,0,QPSK 1/4,2048126311.111111,2048126311.111111,126.878964568,16142363.063029
0.063633333,a-r0,2,1998.030357051,0.509752946246,0,QPSK 2/5,3297987911.111111,1648993955.555555,156.345474421,21094233.289011
0.063633333,a-r0,4,1998.030357051,1.381528169248,0,QPSK 3/4,6214331644.444445,1553582911.111111,246.927685545,25166605.481038
0.063633333,b0,1,1998.030357051,1.650000000000,1,QPSK 4/5,6630952177.777779,6630952177.777779,268.353221940,24709791.556953
0.066400000,a-r0,1,1997.855445468,0.317978506574,0,QPSK 1/4,2048126311.111111,2048126311.111111,126.883810157,16141746.599287
0.066400000,a-r0,2,1997.855445468,0.509797574948,0,QPSK 2/5,3297987911.111111,1648993955.555555,156.351609874,21093405.522169
0.066400000,a-r0,4,1997.855445468,1.381649121582,0,QPSK 3/4,6214331644.444445,1553582911.111111,246.937786132,25165576.082069
0.066400000,b0,1,1997.855445468,1.650000000000,1,QPSK 4/5,6630952177.777779,6630952177.777779,268.353221940,24709791.556953
0.069166667,a-r0,1,1997.673105613,0.318007530419,0,QPSK 1/4,2048126311.111111,2048126311.111111,126.888862211,16141103.919056
0.069166667,a-r0,2,1997.673105613,0.509844107294,0,QPSK 2/5,3297987911.111111,1648993955.555555,156.358006750,21092542.554559
0.069166667,a-r0,4,1997.673105613,1.381775233156,0,QPSK 3/4,6214331644.444445,1553582911.111111,246.948317091,25164502.911572
0.069166667,b0,1,1997.673105613,1.650000000000,1,QPSK 4/5,6630952177.777779,6630952177.777779,268.353221940,24709791.556953
0.071933333,a-r0,1,1997.483339331,0.318037741989,0,QPSK 1/4,2048126311.111111,2048126311.111111,126.894120761,16140435.024336
0.071933333,a-r0,2,1997.483339331,0.509892543853,0,QPSK 2/5,3297987911.111111,1648993955.555555,156.364665091,21091644.389098
0.071933333,a-r0,4,1997.483339331,1.381906505515,0,QPSK 3/4,6214331644.444445,1553582911.111111,246.959278491,25163385.973632
0.071933333,b0,1,1997.483339331,1.650000000000,1,QPSK 4/5,6630952177.777779,6630952177.777779,268.353221940,24709791.556953
0.074700000,a-r0,1,1997.286148543,0.318069141653,0,QPSK 1/4,2048126311.111111,2048126311.111111,126.899585843,16139739.917211
0.074700000,a-r0,2,1997.286148543,0.509942885219,0,QPSK 2/5,3297987911.111111,1648993955.555555,156.371584941,21090711.028825
0.074700000,a-r0,4,1997.286148543,1.382042940263,0,QPSK 3/4,6214331644.444445,1553582911.111111,246.970670406,25162225.272500
0.074700000,b0,1,1997.286148543,1.650000000000,1,QPSK 4/5,6630952177.777779,6630952177.777779,268.353221940,24709791.556953
0.077466667,a-r0,1,1997.081535243,0.318101729794,0,QPSK 1/4,2048126311.111111,2048126311.111111,126.905257494,16139018.599844
0.077466667,a-r0,2,1997.081535243,0.509995132008,0,QPSK 2/5,3297987911.111111,1648993955.555555,156.378766347,21089742.476898
0.077466667,a-r0,4,1997.081535243,1.382184539072,0,QPSK 3/4,6214331644.444445,1553582911.111111,246.982492910,25161020.812594
0.077466667,b0,1,1997.081535243,1.650000000000,1,QPSK 4/5,6630952177.777779,6630952177.777779,268.353221940,24709791.556953
0.080233333,a-r0,1,1996.869501503,0.318135506814,0,QPSK 1/4,2048126311.111111,2048126311.111111,126.911135750,16138271.074481
0.080233333,a-r0,2,1996.869501503,0.510049284858,0,QPSK 2/5,3297987911.111111,1648993955.555555,156.386209356,21088738.736591
0.080233333,a-r0,4,1996.869501503,1.382331303674,0,QPSK 3/4,6214331644.444445,1553582911.111111,246.994746082,25159772.598500
0.080233333,b0,1,1996.869501503,1.650000000000,1,QPSK 4/5,6630952177.777779,6630952177.777779,268.353221940,24709791.556953
0.083000000,a-r0,1,1996.650049469,0.318170473123,0,QPSK 1/4,2048126311.111111,2048126311.111111,126.917220652,16137497.343452
0.083000000,a-r0,2,1996.650049469,0.510105344433,0,QPSK 2/5,3297987911.111111,1648993955.555555,156.393914017,21087699.811300
0.083000000,a-r0,4,1996.650049469,1.382483235865,0,QPSK 3/4,6214331644.444445,1553582911.111111,247.007430004,25158480.634967
0.083000000,b0,1,1996.650049469,1.650000000000,1,QPSK 4/5,6630952177.777779,6630952177.777779,268.353221940,24709791.556953
0.085766667,a-r0,1,1996.423181360,0.318206629152,0,QPSK 1/4,2048126311.111111,2048126311.111111,126.923512239,16136697.409165
0.085766667,a-r0,2,1996.423181360,0.510163311419,0,QPSK 2/5,3297987911.111111,1648993955.555555,156.401880382,21086625.704539
0.085766667,a-r0,4,1996.423181360,1.382640337505,0,QPSK 3/4,6214331644.444445,1553582911.111111,247.020544760,25157144.926914
0.085766667,b0,1,1996.423181360,1.650000000000,1,QPSK 4/5,6630952177.777779,6630952177.777779,268.353221940,24709791.556953
0.088533333,a-r0,1,1996.188899473,0.318243975342,0,QPSK 1/4,2048126311.111111,2048126311.111111,126.930010553,16135871.274111
0.088533333,a-r0,2,1996.188899473,0.510223186526,0,QPSK 2/5,3297987911.111111,1648993955.555555,156.410108504,21085516.419941
0.088533333,a-r0,4,1996.188899473,1.382802610518,0,QPSK 3/4,6214331644.444445,1553582911.111111,247.034090437,25155765.479425
0.088533333,b0,1,1996.188899473,1.650000000000,1,QPSK 4/5,6630952177.777779,6630952177.777779,268.353221940,24709791.556953
0.091300000,a-r0,1,1995.947206178,0.318282512150,0,QPSK 1/4,2048126311.111111,2048126311.111111,126.936715638,16135018.940864
0.091300000,a-r0,2,1995.947206178,0.510284970486,0,QPSK 2/5,3297987911.111111,1648993955.555555,156.418598437,21084371.961260
0.091300000,a-r0,4,1995.947206178,1.382970056891,0,QPSK 3/4,6214331644.444445,1553582911.111111,247.048067124,25154342.297751
0.091300000,b0,1,1995.947206178,1.650000000000,1,QPSK 4/5,6630952177.777779,6630952177.777779,268.353221940,24709791.556953
0.094066667,a-r0,1,1995.698103919,0.318322240049,0,QPSK 1/4,2048126311.111111,2048126311.111111,126.943627538,16134140.412078
0.094066667,a-r0,2,1995.698103919,0.510348664057,0,QPSK 2/5,3297987911.111111,1648993955.555555,156.427350238,21083192.332365
0.094066667,a-r0,4,1995.698103919,1.383142678674,0,QPSK 3/4,6214331644.444445,1553582911.111111,247.062474916,25152875.387308
0.094066667,b0,1,1995.698103919,1.650000000000,1,QPSK 4/5,6630952177.777779,6630952177.777779,268.353221940,24709791.556953
0.096833333,a-r0,1,1995.441595218,0.318363159525,0,QPSK 1/4,2048126311.111111,2048126311.111111,126.950746298,16133235.690489
0.096833333,a-r0,2,1995.441595218,0.510414268018,0,QPSK 2/5,3297987911.111111,1648993955.555555,156.436363965,21081977.537248
0.096833333,a-r0,4,1995.441595218,1.383320477981,0,QPSK 3/4,6214331644.444445,1553582911.111111,247.077313907,25151364.753681
0.096833333,b0,1,1995.441595218,1.650000000000,1,QPSK 4/5,6630952177.777779,6630952177.777779,268.353221940,24709791.556953
0.099600000,a-r0,1,1995.177682668,0.318405271079,0,QPSK 1/4,2048126311.111111,2048126311.111111,126.958071967,16132304.778914
0.099600000,a-r0,2,1995.177682668,0.510481783173,0,QPSK 2/5,3297987911.111111,1648993955.555555,156.445639677,21080727.580019
0.099600000,a-r0,4,1995.177682668,1.383503456989,0,QPSK 3/4,6214331644.444445,1553582911.111111,247.092584197,25149810.402620
0.099600000,b0,1,1995.177682668,1.650000000000,1,QPSK 4/5,6630952177.777779,6630952177.777779,268.353221940,24709791.556953
0.102366667,a-r0,1,1994.906368940,0.318448575228,0,QPSK 1/4,2048126311.111111,2048126311.111111,126.965604592,16131347.680255
0.102366667,a-r0,2,1994.906368940,0.510551210349,0,QPSK 2/5,3297987911.111111,1648993955.555555,156.455177437,21079442.464904
0.102366667,a-r0,4,1994.906368940,1.383691617941,0,QPSK 3/4,6214331644.444445,1553582911.111111,247.108285886,25148212.340041
0.102366667,b0,1,1994.906368940,1.650000000000,1,QPSK 4/5,6630952177.777779,6630952177.777779,268.353221940,24709791.556953
0.105133333,a-r0,1,1994.627656778,0.318493072500,0,QPSK 1/4,2048126311.111111,2048126311.111111,126.973344225,16130364.397491
0.105133333,a-r0,2,1994.627656778,0.510622550397,0,QPSK 2/5,3297987911.111111,1648993955.555555,156.464977307,21078122.196253
0.105133333,a-r0,4,1994.627656778,1.383884963141,0,QPSK 3/4,6214331644.444445,1553582911.111111,247.124419079,25146570.572027
0.105133333,b0,1,1994.627656778,1.650000000000,1,QPSK 4/5,6630952177.777779,6630952177.777779,268.353221940,24709791.556953
0.107900000,a-r0,1,1994.341549000,0.318538763443,0,QPSK 1/4,2048126311.111111,2048126311.111111,126.981290915,16129354.933685
0.107900000,a-r0,2,1994.341549000,0.510695804190,0,QPSK 2/5,3297987911.111111,1648993955.555555,156.475039353,21076766.778531
0.107900000,a-r0,4,1994.341549000,1.384083494958,0,QPSK 3/4,6214331644.444445,1553582911.111111,247.140983883,25144885.104827
0.107900000,b0,1,1994.341549000,1.650000000000,1,QPSK 4/5,6630952177.777779,6630952177.777779,268.353221940,24709791.556953
0.110666667,a-r0,1,1994.048048500,0.318585648615,0,QPSK 1/4,2048126311.111111,2048126311.111111,126.989444717,16128319.291983
0.110666667,a-r0,2,1994.048048500,0.510770972626,0,QPSK 2/5,3297987911.111111,1648993955.555555,156.485363642,21075376.216325
0.110666667,a-r0,4,1994.048048500,1.384287215825,0,QPSK 3/4,6214331644.444445,1553582911.111111,247.157980409,25143155.944857
0.110666667,b0,1,1994.048048500,1.650000000000,1,QPSK 4/5,6630952177.777779,6630952177.777779,268.353221940,24709791.556953
0.113433333,a-r0,1,1993.747158247,0.318633728592,0,QPSK 1/4,2048126311.111111,2048126311.111111,126.997805684,16127257.475609
0.113433333,a-r0,2,1993.747158247,0.510848056627,0,QPSK 2/5,3297987911.111111,1648993955.555555,156.495950243,21073950.514338
0.113433333,a-r0,4,1993.747158247,1.384496128239,0,QPSK 3/4,6214331644.444445,1553582911.111111,247.175408769,25141383.098700
0.113433333,b0,1,1993.747158247,1.650000000000,1,QPSK 4/5,6630952177.777779,6630952177.777779,268.353221940,24709791.556953
0.116200000,a-r0,1,1993.438881282,0.318683003962,0,QPSK 1/4,2048126311.111111,2048126311.111111,127.006373873,16126169.487873
0.116200000,a-r0,2,1993.438881282,0.510927057137,0,QPSK 2/5,3297987911.111111,1648993955.555555,156.506799225,21072489.677394
0.116200000,a-r0,4,1993.438881282,1.384710234760,0,QPSK 3/4,6214331644.444445,1553582911.111111,247.193269079,25139566.573103
0.116200000,b0,1,1993.438881282,1.650000000000,1,QPSK 4/5,6630952177.777779,6630952177.777779,268.353221940,24709791.556953
0.118966667,a-r0,1,1993.123220723,0.318733475330,0,QPSK 1/4,2048126311.111111,2048126311.111111,127.015149339,16125055.332164
0.118966667,a-r0,2,1993.123220723,0.511007975125,0,QPSK 2/5,3297987911.111111,1648993955.555555,156.517910661,21070993.710436
0.118966667,a-r0,4,1993.123220723,1.384929538013,0,QPSK 3/4,6214331644.444445,1553582911.111111,247.211561458,25137706.374982
0.118966667,b0,1,1993.123220723,1.650000000000,1,QPSK 4/5,6630952177.777779,6630952177.777779,268.353221940,24709791.556953
0.121733333,a-r0,1,1992.800179761,0.318785143314,0,QPSK 1/4,2048126311.111111,2048126311.111111,127.024132141,16123915.011952
0.121733333,a-r0,2,1992.800179761,0.511090811583,0,QPSK 2/5,3297987911.111111,1648993955.555555,156.529284625,21069462.618525
0.121733333,a-r0,4,1992.800179761,1.385154040688,0,QPSK 3/4,6214331644.444445,1553582911.111111,247.230286028,25135802.511417
0.121733333,b0,1,1992.800179761,1.650000000000,1,QPSK 4/5,6630952177.777779,6630952177.777779,268.353221940,24709791.556953
0.124500000,a-r0,1,1992.469761662,0.318838008549,0,QPSK 1/4,2048126311.111111,2048126311.111111,127.033322340,16122748.530790
0.124500000,a-r0,2,1992.469761662,0.511175567526,0,QPSK 2/5,3297987911.111111,1648993955.555555,156.540921192,21067896.406841
0.124500000,a-r0,4,1992.469761662,1.385383745536,0,QPSK 3/4,6214331644.444445,1553582911.111111,247.249442913,25133854.989655
0.124500000,b0,1,1992.469761662,1.650000000000,1,QPSK 4/5,6630952177.777779,6630952177.777779,268.353221940,24709791.556953
0.127266667,a-r0,1,1992.131969766,0.318892071681,0,QPSK 1/4,2048126311.111111,2048126311.111111,127.042719995,16121555.892313
0.127266667,a-r0,2,1992.131969766,0.511262243995,0,QPSK 2/5,3297987911.111111,1648993955.555555,156.552820440,21066295.080685
0.127266667,a-r0,4,1992.131969766,1.385618655376,0,QPSK 3/4,6214331644.444445,1553582911.111111,247.269032240,25131863.817109
0.127266667,b0,1,1992.131969766,1.650000000000,1,QPSK 4/5,6630952177.777779,6630952177.777779,268.353221940,24709791.556953
0.130033333,a-r0,1,1991.786807489,0.318947333376,0,QPSK 1/4,2048126311.111111,2048126311.111111,127.052325170,16120337.100238
0.130033333,a-r0,2,1991.786807489,0.511350842051,0,QPSK 2/5,3297987911.111111,1648993955.555555,156.564982448,21064658.645474
0.130033333,a-r0,4,1991.786807489,1.385858773088,0,QPSK 3/4,6214331644.444445,1553582911.111111,247.289054140,25129829.001360
0.130033333,b0,1,1991.786807489,1.650000000000,1,QPSK 4/5,6630952177.777779,6630952177.777779,268.353221940,24709791.556953
0.132800000,a-r0,1,1991.434278317,0.319003794310,0,QPSK 1/4,2048126311.111111,2048126311.111111,127.062137929,16119092.158361
0.132800000,a-r0,2,1991.434278317,0.511441362783,0,QPSK 2/5,3297987911.111111,1648993955.555555,156.577407297,21062987.106746
0.132800000,a-r0,4,1991.434278317,1.386104101619,0,QPSK 3/4,6214331644.444445,1553582911.111111,247.309508746,25127750.550153
0.132800000,b0,1,1991.434278317,1.650000000000,1,QPSK 4/5,6630952177.777779,6630952177.777779,268.353221940,24709791.556953
0.135566667,a-r0,1,1991.074385815,0.319061455176,0,QPSK 1/4,2048126311.111111,2048126311.111111,127.072158336,16117821.070561
0.135566667,a-r0,2,1991.074385815,0.511533807301,0,QPSK 2/5,3297987911.111111,1648993955.555555,156.590095070,21061280.470157
0.135566667,a-r0,4,1991.074385815,1.386354643978,0,QPSK 3/4,6214331644.444445,1553582911.111111,247.330396194,25125628.471400
0.135566667,b0,1,1991.074385815,1.650000000000,1,QPSK 4/5,6630952177.777779,6630952177.777779,268.353221940,24709791.556953
0.138333333,a-r0,1,1990.707133619,0.319120316682,0,QPSK 1/4,2048126311.111111,2048126311.111111,127.082386459,16116523.840801
0.138333333,a-r0,2,1990.707133619,0.511628176740,0,QPSK 2/5,3297987911.111111,1648993955.555555,156.603045850,21059538.741482
0.138333333,a-r0,4,1990.707133619,1.386610403240,0,QPSK 3/4,6214331644.444445,1553582911.111111,247.351716622,25123462.773179
0.138333333,b0,1,1990.707133619,1.650000000000,1,QPSK 4/5,6630952177.777779,6630952177.777779,268.353221940,24709791.556953
0.141100000,a-r0,1,1990.332525440,0.319180379550,0,QPSK 1/4,2048126311.111111,2048126311.111111,127.092822365,16115200.473123
0.141100000,a-r0,2,1990.332525440,0.511724472257,0,QPSK 2/5,3297987911.111111,1648993955.555555,156.616259724,21057761.926616
0.141100000,a-r0,4,1990.332525440,1.386871382544,0,QPSK 3/4,6214331644.444445,1553582911.111111,247.373470174,25121253.463733
0.141100000,b0,1,1990.332525440,1.650000000000,1,QPSK 4/5,6630952177.777779,6630952177.777779,268.353221940,24709791.556953
0.143866667,a-r0,1,1989.950565063,0.319241644519,0,QPSK 1/4,2048126311.111111,2048126311.111111,127.103466125,16113850.971651
0.143866667,a-r0,2,1989.950565063,0.511822695035,0,QPSK 2/5,3297987911.111111,1648993955.555555,156.629736781,21055950.031570
0.143866667,a-r0,4,1989.950565063,1.387137585095,0,QPSK 3/4,6214331644.444445,1553582911.111111,247.395656993,25119000.551474
0.143866667,b0,1,1989.950565063,1.650000000000,1,QPSK 4/5,6630952177.777779,6630952177.777779,268.353221940,24709791.556953
0.146633333,a-r0,1,1989.561256347,0.319304112339,0,QPSK 1/4,2048126311.111111,2048126311.111111,127.114317808,16112475.340590
0.146633333,a-r0,2,1989.561256347,0.511922846279,0,QPSK 2/5,3297987911.111111,1648993955.555555,156.643477109,21054103.062478
0.146633333,a-r0,4,1989.561256347,1.387409014160,0,QPSK 3/4,6214331644.444445,1553582911.111111,247.418277228,25116704.044978
0.146633333,b0,1,1989.561256347,1.650000000000,1,QPSK 4/5,6630952177.777779,6630952177.777779,268.353221940,24709791.556953
0.149400000,a-r0,1,1989.164603226,0.319367783778,0,QPSK 1/4,2048126311.111111,2048126311.111111,127.125377487,16111073.584229
0.149400000,a-r0,2,1989.164603226,0.512024927221,0,QPSK 2/5,3297987911.111111,1648993955.555555,156.657480800,21052221.025589
0.149400000,a-r0,4,1989.164603226,1.387685673073,0,QPSK 3/4,6214331644.444445,1553582911.111111,247.441331028,25114363.952985
0.149400000,b0,1,1989.164603226,1.650000000000,1,QPSK 4/5,6630952177.777779,6630952177.777779,268.353221940,24709791.556953
0.152166667,a-r0,1,1988.760609704,0.319432659618,0,QPSK 1/4,2048126311.111111,2048126311.111111,127.136645235,16109645.706937
0.152166667,a-r0,2,1988.760609704,0.512128939112,0,QPSK 2/5,3297987911.111111,1648993955.555555,156.671747947,21050303.927274
0.152166667,a-r0,4,1988.760609704,1.387967565231,0,QPSK 3/4,6214331644.444445,1553582911.111111,247.464818547,25111980.284406
0.152166667,b0,1,1988.760609704,1.650000000000,1,QPSK 4/5,6630952177.777779,6630952177.777779,268.353221940,24709791.556953
0.154933333,a-r0,1,1988.349279864,0.319498740656,0,QPSK 1/4,2048126311.111111,2048126311.111111,127.148121129,16108191.713164
0.154933333,a-r0,2,1988.349279864,0.512234883232,0,QPSK 2/5,3297987911.111111,1648993955.555555,156.686278646,21048351.774021
0.154933333,a-r0,4,1988.349279864,1.388254694099,0,QPSK 3/4,6214331644.444445,1553582911.111111,247.488739942,25109553.048312
0.154933333,b0,1,1988.349279864,1.650000000000,1,QPSK 4/5,6630952177.777779,6630952177.777779,268.353221940,24709791.556953
0.157700000,a-r0,1,1987.930617859,0.319566027705,0,QPSK 1/4,2048126311.111111,2048126311.111111,127.159805243,16106711.607443
0.157700000,a-r0,2,1987.930617859,0.512342760882,0,QPSK 2/5,3297987911.111111,1648993955.555555,156.701072993,21046364.572436
0.157700000,a-r0,4,1987.930617859,1.388547063203,0,QPSK 3/4,6214331644.444445,1553582911.111111,247.513095372,25107082.253946
0.157700000,b0,1,1987.930617859,1.650000000000,1,QPSK 4/5,6630952177.777779,6630952177.777779,268.353221940,24709791.556953
0.160466667,a-r0,1,1987.504627917,0.319634521590,0,QPSK 1/4,2048126311.111111,2048126311.111111,127.171697657,16105205.394388
0.160466667,a-r0,2,1987.504627917,0.512452573388,0,QPSK 2/5,3297987911.111111,1648993955.555555,156.716131087,21044342.329248
0.160466667,a-r0,4,1987.504627917,1.388844676136,0,QPSK 3/4,6214331644.444445,1553582911.111111,247.537885000,25104567.910712
0.160466667,b0,1,1987.504627917,1.650000000000,1,QPSK 4/5,6630952177.777779,6630952177.777779,268.353221940,24709791.556953
0.163233333,a-r0,1,1987.071314339,0.319704223154,0,QPSK 1/4,2048126311.111111,2048126311.111111,127.183798448,16103673.078694
0.163233333,a-r0,2,1987.071314339,0.512564322099,0,QPSK 2/5,3297987911.111111,1648993955.555555,156.731453028,21042285.051299
0.163233333,a-r0,4,1987.071314339,1.389147536558,0,QPSK 3/4,6214331644.444445,1553582911.111111,247.563108989,25102010.028182
0.163233333,b0,1,1987.071314339,1.650000000000,1,QPSK 4/5,6630952177.777779,6630952177.777779,268.353221940,24709791.556953
0.166000000,a-r0,1,1986.630681500,0.319775133253,0,QPSK 1/4,2048126311.111111,2048126311.111111,127.196107698,16102114.665140
0.166000000,a-r0,2,1986.630681500,0.512678008389,0,QPSK 2/5,3297987911.111111,1648993955.555555,156.747038917,21040192.745555
0.166000000,a-r0,4,1986.630681500,1.389455648191,0,QPSK 3/4,6214331644.444445,1553582911.111111,247.588767508,25099408.616093
0.166000000,b0,1,1986.630681500,1.650000000000,1,QPSK 4/5,6630952177.777779,6630952177.777779,268.353221940,24709791.556953
0.168766667,a-r0,1,1986.182733848,0.319847252760,0,QPSK 1/4,2048126311.111111,2048126311.111111,127.208625489,16100530.158584
0.168766667,a-r0,2,1986.182733848,0.512793633657,0,QPSK 2/5,3297987911.111111,1648993955.555555,156.762888859,21038065.419098
0.168766667,a-r0,4,1986.182733848,1.389769014823,0,QPSK 3/4,6214331644.444445,1553582911.111111,247.614860729,25096763.684349
0.168766667,b0,1,1986.182733848,1.650000000000,1,QPSK 4/5,6630952177.777779,6630952177.777779,268.353221940,24709791.556953
0.171533333,a-r0,1,1985.727475906,0.319920582562,0,QPSK 1/4,2048126311.111111,2048126311.111111,127.221351903,16098919.563966
0.171533333,a-r0,2,1985.727475906,0.512911199323,0,QPSK 2/5,3297987911.111111,1648993955.555555,156.779002960,21035903.079129
0.171533333,a-r0,4,1985.727475906,1.390087640309,0,QPSK 3/4,6214331644.444445,1553582911.111111,247.641388824,25094075.243019
0.171533333,b0,1,1985.727475906,1.650000000000,1,QPSK 4/5,6630952177.777779,6630952177.777779,268.353221940,24709791.556953
0.174300000,a-r0,1,1985.264912267,0.319995123561,0,QPSK 1/4,2048126311.111111,2048126311.111111,127.234287027,16097282.886309
0.174300000,a-r0,2,1985.264912267,0.513030706836,0,QPSK 2/5,3297987911.111111,1648993955.555555,156.795381327,21033705.732968
0.174300000,a-r0,4,1985.264912267,1.390411528569,0,QPSK 3/4,6214331644.444445,1553582911.111111,247.668351972,25091343.302337
0.174300000,b0,1,1985.264912267,1.650000000000,1,QPSK 4/5,6630952177.777779,6630952177.777779,268.353221940,24709791.556953
0.177066667,a-r0,1,1984.795047600,0.320070876673,0,QPSK 1/4,2048126311.111111,2048126311.111111,127.247430946,16095620.130716
0.177066667,a-r0,2,1984.795047600,0.513152157664,0,QPSK 2/5,3297987911.111111,1648993955.555555,156.812024068,21031473.388054
0.177066667,a-r0,4,1984.795047600,1.390740683587,0,QPSK 3/4,6214331644.444445,1553582911.111111,247.695750350,25088567.872704
0.177066667,b0,1,1984.795047600,1.650000000000,1,QPSK 4/5,6630952177.777779,6630952177.777779,268.353221940,24709791.556953
0.179833333,a-r0,1,1984.317886646,0.320147842831,0,QPSK 1/4,2048126311.111111,2048126311.111111,127.260783747,16093931.302373
0.179833333,a-r0,2,1984.317886646,0.513275553303,0,QPSK 2/5,3297987911.111111,1648993955.555555,156.828931295,21029206.051945
0.179833333,a-r0,4,1984.317886646,1.391075109415,0,QPSK 3/4,6214331644.444445,1553582911.111111,247.723584143,25085748.964686
0.179833333,b0,1,1984.317886646,1.650000000000,1,QPSK 4/5,6630952177.777779,6630952177.777779,268.353221940,24709791.556953
0.182600000,a-r0,1,1983.833434220,0.320226022983,0,QPSK 1/4,2048126311.111111,2048126311.111111,127.274345520,16092216.406547
0.182600000,a-r0,2,1983.833434220,0.513400895271,0,QPSK 2/5,3297987911.111111,1648993955.555555,156.846103121,21026903.732318
0.182600000,a-r0,4,1983.833434220,1.391414810168,0,QPSK 3/4,6214331644.444445,1553582911.111111,247.751853535,25082886.589013
0.182600000,b0,1,1983.833434220,1.650000000000,1,QPSK 4/5,6630952177.777779,6630952177.777779,268.353221940,24709791.556953
0.185366667,a-r0,1,1983.341695209,0.320305418091,0,QPSK 1/4,2048126311.111111,2048126311.111111,127.288116355,16090475.448587
0.185366667,a-r0,2,1983.341695209,0.513528185111,0,QPSK 2/5,3297987911.111111,1648993955.555555,156.863539660,21024566.436967
0.185366667,a-r0,4,1983.341695209,1.391759790029,0,QPSK 3/4,6214331644.444445,1553582911.111111,247.780558716,25079980.756584
0.185366667,b0,1,1983.341695209,1.650000000000,1,QPSK 4/5,6630952177.777779,6630952177.777779,268.353221940,24709791.556953
0.188133333,a-r0,1,1982.842674573,0.320386029133,0,QPSK 1/4,2048126311.111111,2048126311.111111,127.302096344,16088708.433922
0.188133333,a-r0,2,1982.842674573,0.513657424392,0,QPSK 2/5,3297987911.111111,1648993955.555555,156.881241028,21022194.173807
0.188133333,a-r0,4,1982.842674573,1.392110053246,0,QPSK 3/4,6214331644.444445,1553582911.111111,247.809699875,25077031.478461
0.188133333,b0,1,1982.842674573,1.650000000000,1,QPSK 4/5,6630952177.777779,6630952177.777779,268.353221940,24709791.556953
0.190900000,a-r0,1,1982.336377346,0.320467857101,0,QPSK 1/4,2048126311.111111,2048126311.111111,127.316285581,16086915.368065
0.190900000,a-r0,2,1982.336377346,0.513788614705,0,QPSK 2/5,3297987911.111111,1648993955.555555,156.899207343,21019786.950869
0.190900000,a-r0,4,1982.336377346,1.392465604134,0,QPSK 3/4,6214331644.444445,1553582911.111111,247.839277209,25074038.765871
0.190900000,b0,1,1982.336377346,1.650000000000,1,QPSK 4/5,6630952177.777779,6630952177.777779,268.353221940,24709791.556953
0.193666667,a-r0,1,1981.822808634,0.320550903004,0,QPSK 1/4,2048126311.111111,2048126311.111111,127.330684159,16085096.256609
0.193666667,a-r0,2,1981.822808634,0.513921757666,0,QPSK 2/5,3297987911.111111,1648993955.555555,156.917438726,21017344.776306
0.193666667,a-r0,4,1981.822808634,1.392826447074,0,QPSK 3/4,6214331644.444445,1553582911.111111,247.869290914,25071002.630209
0.193666667,b0,1,1981.822808634,1.650000000000,1,QPSK 4/5,6630952177.777779,6630952177.777779,268.353221940,24709791.556953
0.196433333,a-r0,1,1981.301973615,0.320635167865,0,QPSK 1/4,2048126311.111111,2048126311.111111,127.345292174,16083251.105229
0.196433333,a-r0,2,1981.301973615,0.514056854916,0,QPSK 2/5,3297987911.111111,1648993955.555555,156.935935297,21014867.658386
0.196433333,a-r0,4,1981.301973615,1.393192586510,0,QPSK 3/4,6214331644.444445,1553582911.111111,247.899741190,25067923.083033
0.196433333,b0,1,1981.301973615,1.650000000000,1,QPSK 4/5,6630952177.777779,6630952177.777779,268.353221940,24709791.556953
0.199200000,a-r0,1,1980.773877541,0.320720652723,0,QPSK 1/4,2048126311.111111,2048126311.111111,127.360109726,16081379.919681
0.199200000,a-r0,2,1980.773877541,0.514193908121,0,QPSK 2/5,3297987911.111111,1648993955.555555,156.954697181,21012355.605499
0.199200000,a-r0,4,1980.773877541,1.393564026958,0,QPSK 3/4,6214331644.444445,1553582911.111111,247.930628240,25064800.136067
0.199200000,b0,1,1980.773877541,1.650000000000,1,QPSK 4/5,6630952177.777779,6630952177.777779,268.353221940,24709791.556953
0.201966667,a-r0,1,1980.238525736,0.320807358631,0,QPSK 1/4,2048126311.111111,2048126311.111111,127.375136911,16079482.705804
0.201966667,a-r0,2,1980.238525736,0.514332918969,0,QPSK 2/5,3297987911.111111,1648993955.555555,156.973724502,21009808.626152
0.201966667,a-r0,4,1980.238525736,1.393940772995,0,QPSK 3/4,6214331644.444445,1553582911.111111,247.961952271,25061633.801202
0.201966667,b0,1,1980.238525736,1.650000000000,1,QPSK 4/5,6630952177.777779,6630952177.777779,268.353221940,24709791.556953
0.204733333,a-r0,1,1979.695923595,0.320895286660,0,QPSK 1/4,2048126311.111111,2048126311.111111,127.390373831,16077559.469518
0.204733333,a-r0,2,1979.695923595,0.514473889175,0,QPSK 2/5,3297987911.111111,1648993955.555555,156.993017387,21007226.728971
0.204733333,a-r0,4,1979.695923595,1.394322829269,0,QPSK 3/4,6214331644.444445,1553582911.111111,247.993713491,25058424.090491
0.204733333,b0,1,1979.695923595,1.650000000000,1,QPSK 4/5,6630952177.777779,6630952177.777779,268.353221940,24709791.556953
0.207500000,a-r0,1,1979.146076588,0.320984437893,0,QPSK 1/4,2048126311.111111,2048126311.111111,127.405820587,16075610.216823
0.207500000,a-r0,2,1979.146076588,0.514616820479,0,QPSK 2/5,3297987911.111111,1648993955.555555,157.012575965,21004609.922700
0.207500000,a-r0,4,1979.146076588,1.394710200491,0,QPSK 3/4,6214331644.444445,1553582911.111111,248.025912114,25055171.016155
0.207500000,b0,1,1979.146076588,1.650000000000,1,QPSK 4/5,6630952177.777779,6630952177.777779,268.353221940,24709791.556953
0.210266667,a-r0,1,1978.588990256,0.321074813430,0,QPSK 1/4,2048126311.111111,2048126311.111111,127.421477282,16073634.953804
0.210266667,a-r0,2,1978.588990256,0.514761714642,0,QPSK 2/5,3297987911.111111,1648993955.555555,157.032400368,21001958.216201
0.210266667,a-r0,4,1978.588990256,1.395102891441,0,QPSK 3/4,6214331644.444445,1553582911.111111,248.058548352,25051874.590579
0.210266667,b0,1,1978.588990256,1.650000000000,1,QPSK 4/5,6630952177.777779,6630952177.777779,268.353221940,24709791.556953
0.213033333,a-r0,1,1978.024670211,0.321166414387,0,QPSK 1/4,2048126311.111111,2048126311.111111,127.437344022,16071633.686623
0.213033333,a-r0,2,1978.024670211,0.514908573454,0,QPSK 2/5,3297987911.111111,1648993955.555555,157.052490726,20999271.618458
0.213033333,a-r0,4,1978.024670211,1.395500906965,0,QPSK 3/4,6214331644.444445,1553582911.111111,248.091622426,25048534.826313
0.213033333,b0,1,1978.024670211,1.650000000000,1,QPSK 4/5,6630952177.777779,6630952177.777779,268.353221940,24709791.556953
0.215800000,a-r0,1,1977.453122140,0.321259241895,0,QPSK 1/4,2048126311.111111,2048126311.111111,127.453420911,16069606.421528
0.215800000,a-r0,2,1977.453122140,0.515057398728,0,QPSK 2/5,3297987911.111111,1648993955.555555,157.072847175,20996550.138569
0.215800000,a-r0,4,1977.453122140,1.395904251976,0,QPSK 3/4,6214331644.444445,1553582911.111111,248.125134554,25045151.736073
0.215800000,b0,1,1977.453122140,1.650000000000,1,QPSK 4/5,6630952177.777779,6630952177.777779,268.353221940,24709791.556953
0.218566667,a-r0,1,1976.874351800,0.321353297099,0,QPSK 1/4,2048126311.111111,2048126311.111111,127.469708057,16067553.164847
0.218566667,a-r0,2,1976.874351800,0.515208192301,0,QPSK 2/5,3297987911.111111,1648993955.555555,157.093469850,20993793.785754
0.218566667,a-r0,4,1976.874351800,1.396312931455,0,QPSK 3/4,6214331644.444445,1553582911.111111,248.159084962,25041725.332739
0.218566667,b0,1,1976.874351800,1.650000000000,1,QPSK 4/5,6630952177.777779,6630952177.777779,268.353221940,24709791.556953
0.221333333,a-r0,1,1976.288365019,0.321448581162,0,QPSK 1/4,2048126311.111111,2048126311.111111,127.486205569,16065473.922987
0.221333333,a-r0,2,1976.288365019,0.515360956035,0,QPSK 2/5,3297987911.111111,1648993955.555555,157.114358889,20991002.569350
0.221333333,a-r0,4,1976.288365019,1.396726950448,0,QPSK 3/4,6214331644.444445,1553582911.111111,248.193473876,25038255.629357
0.221333333,b0,1,1976.288365019,1.650000000000,1,QPSK 4/5,6630952177.777779,6630952177.777779,268.353221940,24709791.556953
0.224100000,a-r0,1,1975.695167700,0.321545095259,0,QPSK 1/4,2048126311.111111,2048126311.111111,127.502913558,16063368.702441
0.224100000,a-r0,2,1975.695167700,0.515515691817,0,QPSK 2/5,3297987911.111111,1648993955.555555,157.135514431,20988176.498813
0.224100000,a-r0,4,1975.695167700,1.397146314071,0,QPSK 3/4,6214331644.444445,1553582911.111111,248.228301526,25034742.639137
0.224100000,b0,1,1975.695167700,1.650000000000,1,QPSK 4/5,6630952177.777779,6630952177.777779,268.353221940,24709791.556953
0.226866667,a-r0,1,1975.094765815,0.321642840585,0,QPSK 1/4,2048126311.111111,2048126311.111111,127.519832134,16061237.509780
0.226866667,a-r0,2,1975.094765815,0.515672401560,0,QPSK 2/5,3297987911.111111,1648993955.555555,157.156936619,20985315.583716
0.226866667,a-r0,4,1975.094765815,1.397571027505,0,QPSK 3/4,6214331644.444445,1553582911.111111,248.263568144,25031186.375455
0.226866667,b0,1,1975.094765815,1.650000000000,1,QPSK 4/5,6630952177.777779,6630952177.777779,268.353221940,24709791.556953
0.229633333,a-r0,1,1974.487165409,0.321741818347,0,QPSK 1/4,2048126311.111111,2048126311.111111,127.536961411,16059080.351658
0.229633333,a-r0,2,1974.487165409,0.515831087200,0,QPSK 2/5,3297987911.111111,1648993955.555555,157.178625594,20982419.833754
0.229633333,a-r0,4,1974.487165409,1.398001096000,0,QPSK 3/4,6214331644.444445,1553582911.111111,248.299273966,25027586.851851
0.229633333,b0,1,1974.487165409,1.650000000000,1,QPSK 4/5,6630952177.777779,6630952177.777779,268.353221940,24709791.556953
0.232400000,a-r0,1,1973.872372599,0.321842029769,0,QPSK 1/4,2048126311.111111,2048126311.111111,127.554301504,16056897.234811
0.232400000,a-r0,2,1973.872372599,0.515991750700,0,QPSK 2/5,3297987911.111111,1648993955.555555,157.200581503,20979489.258736
0.232400000,a-r0,4,1973.872372599,1.398436524873,0,QPSK 3/4,6214331644.444445,1553582911.111111,248.335419232,25023944.082029
0.232400000,b0,1,1973.872372599,1.650000000000,1,QPSK 4/5,6630952177.777779,6630952177.777779,268.353221940,24709791.556953
0.235166667,a-r0,1,1973.250393571,0.321943476090,0,QPSK 1/4,2048126311.111111,2048126311.111111,127.571852528,16054688.166056
0.235166667,a-r0,2,1973.250393571,0.516154394047,0,QPSK 2/5,3297987911.111111,1648993955.555555,157.222804492,20976523.868592
0.235166667,a-r0,4,1973.250393571,1.398877319509,0,QPSK 3/4,6214331644.444445,1553582911.111111,248.372004182,25020258.079860
0.235166667,b0,1,1973.250393571,1.650000000000,1,QPSK 4/5,6630952177.777779,6630952177.777779,268.353221940,24709791.556953
0.237933333,a-r0,1,1972.621234585,0.322046158565,0,QPSK 1/4,2048126311.111111,2048126311.111111,127.589614602,16052453.152292
0.237933333,a-r0,2,1972.621234585,0.516319019252,0,QPSK 2/5,3297987911.111111,1648993955.555555,157.245294709,20973523.673372
0.237933333,a-r0,4,1972.621234585,1.399323485362,0,QPSK 3/4,6214331644.444445,1553582911.111111,248.409029061,25016528.859378
0.237933333,b0,1,1972.621234585,1.650000000000,1,QPSK 4/5,6630952177.777779,6630952177.777779,268.353221940,24709791.556953
0.240700000,a-r0,1,1971.984901973,0.322150078465,0,QPSK 1/4,2048126311.111111,2048126311.111111,127.607587842,16050192.200498
0.240700000,a-r0,2,1971.984901973,0.516485628352,0,QPSK 2/5,3297987911.111111,1648993955.555555,157.268052306,20970488.683241
0.240700000,a-r0,4,1971.984901973,1.399775027952,0,QPSK 3/4,6214331644.444445,1553582911.111111,248.446494118,25012756.434782
0.240700000,b0,1,1971.984901973,1.650000000000,1,QPSK 4/5,6630952177.777779,6630952177.777779,268.353221940,24709791.556953
0.243466667,a-r0,1,1971.341402134,0.322255237075,0,QPSK 1/4,2048126311.111111,2048126311.111111,127.625772371,16047905.317736
0.243466667,a-r0,2,1971.341402134,0.516654223410,0,QPSK 2/5,3297987911.111111,1648993955.555555,157.291077433,20967418.908483
0.243466667,a-r0,4,1971.341402134,1.400231952868,0,QPSK 3/4,6214331644.444445,1553582911.111111,248.484399602,25008940.820436
0.243466667,b0,1,1971.341402134,1.650000000000,1,QPSK 4/5,6630952177.777779,6630952177.777779,268.353221940,24709791.556953
0.246233333,a-r0,1,1970.690741543,0.322361635699,0,QPSK 1/4,2048126311.111111,2048126311.111111,127.644168309,16045592.511149
0.246233333,a-r0,2,1970.690741543,0.516824806514,0,QPSK 2/5,3297987911.111111,1648993955.555555,157.314370246,20964314.359504
0.246233333,a-r0,4,1970.690741543,1.400694265767,0,QPSK 3/4,6214331644.444445,1553582911.111111,248.522745767,25005082.030869
0.246233333,b0,1,1970.690741543,1.650000000000,1,QPSK 4/5,6630952177.777779,6630952177.777779,268.353221940,24709791.556953
0.249000000,a-r0,1,1970.032926743,0.322469275654,0,QPSK 1/4,2048126311.111111,2048126311.111111,127.662775780,16043253.787963
0.249000000,a-r0,2,1970.032926743,0.516997379775,0,QPSK 2/5,3297987911.111111,1648993955.555555,157.337930901,20961175.046823
0.249000000,a-r0,4,1970.032926743,1.401161972375,0,QPSK 3/4,6214331644.444445,1553582911.111111,248.561532870,25001180.080773
0.249000000,b0,1,1970.032926743,1.650000000000,1,QPSK 4/5,6630952177.777779,6630952177.777779,268.353221940,24709791.556953
0.251766667,a-r0,1,1969.367964348,0.322578158273,0,QPSK 1/4,2048126311.111111,2048126311.111111,127.681594908,16040889.155483
0.251766667,a-r0,2,1969.367964348,0.517171945332,0,QPSK 2/5,3297987911.111111,1648993955.555555,157.361759554,20958000.981081
0.251766667,a-r0,4,1969.367964348,1.401635078487,0,QPSK 3/4,6214331644.444445,1553582911.111111,248.600761171,24997234.985006
0.251766667,b0,1,1969.367964348,1.650000000000,1,QPSK 4/5,6630952177.777779,6630952177.777779,268.353221940,24709791.556953
0.254533333,a-r0,1,1968.695861045,0.322688284906,0,QPSK 1/4,2048126311.111111,2048126311.111111,127.700625819,16038498.621097
0.254533333,a-r0,2,1968.695861045,0.517348505348,0,QPSK 2/5,3297987911.111111,1648993955.555555,157.385856365,20954792.173037
0.254533333,a-r0,4,1968.695861045,1.402113589965,0,QPSK 3/4,6214331644.444445,1553582911.111111,248.640430932,24993246.758589
0.254533333,b0,1,1968.695861045,1.650000000000,1,QPSK 4/5,6630952177.777779,6630952177.777779,268.353221940,24709791.556953
0.257300000,a-r0,1,1968.016623589,0.322799656917,0,QPSK 1/4,2048126311.111111,2048126311.111111,127.719868641,16036082.192275
0.257300000,a-r0,2,1968.016623589,0.517527062012,0,QPSK 2/5,3297987911.111111,1648993955.555555,157.410221497,20951548.633567
0.257300000,a-r0,4,1968.016623589,1.402597512741,0,QPSK 3/4,6214331644.444445,1553582911.111111,248.680542419,24989215.416709
0.257300000,b0,1,1968.016623589,1.650000000000,1,QPSK 4/5,6630952177.777779,6630952177.777779,268.353221940,24709791.556953
0.260066667,a-r0,1,1967.330258808,0.322912275688,0,QPSK 1/4,2048126311.111111,2048126311.111111,127.739323502,16033639.876566
0.260066667,a-r0,2,1967.330258808,0.517707617537,0,QPSK 2/5,3297987911.111111,1648993955.555555,157.434855111,20948270.373666
0.260066667,a-r0,4,1967.330258808,1.403086852815,0,QPSK 3/4,6214331644.444445,1553582911.111111,248.721095900,24985140.974716
0.260066667,b0,1,1967.330258808,1.650000000000,1,QPSK 4/5,6630952177.777779,6630952177.777779,268.353221940,24709791.556953
0.262833333,a-r0,1,1966.636773599,0.323026142616,0,QPSK 1/4,2048126311.111111,2048126311.111111,127.758990534,16031171.681604
0.262833333,a-r0,2,1966.636773599,0.517890174164,0,QPSK 2/5,3297987911.111111,1648993955.555555,157.459757374,20944957.404447
0.262833333,a-r0,4,1966.636773599,1.403581616258,0,QPSK 3/4,6214331644.444445,1553582911.111111,248.762091647,24981023.448124
0.262833333,b0,1,1966.636773599,1.650000000000,1,QPSK 4/5,6630952177.777779,6630952177.777779,268.353221940,24709791.556953
0.265600000,a-r0,1,1965.936174929,0.323141259113,0,QPSK 1/4,2048126311.111111,2048126311.111111,127.778869866,16028677.615103
0.265600000,a-r0,2,1965.936174929,0.518074734157,0,QPSK 2/5,3297987911.111111,1648993955.555555,157.484928451,20941609.737141
0.265600000,a-r0,4,1965.936174929,1.404081809207,0,QPSK 3/4,6214331644.444445,1553582911.111111,248.803529935,24976862.852612
0.265600000,b0,1,1965.936174929,1.650000000000,1,QPSK 4/5,6630952177.777779,6630952177.777779,268.353221940,24709791.556953
0.268366667,a-r0,1,1965.228469837,0.323257626608,0,QPSK 1/4,2048126311.111111,2048126311.111111,127.798961634,16026157.684857
0.268366667,a-r0,2,1965.228469837,0.518261299807,0,QPSK 2/5,3297987911.111111,1648993955.555555,157.510368513,20938227.383098
0.268366667,a-r0,4,1965.228469837,1.404587437871,0,QPSK 3/4,6214331644.444445,1553582911.111111,248.845411042,24972659.204024
0.268366667,b0,1,1965.228469837,1.650000000000,1,QPSK 4/5,6630952177.777779,6630952177.777779,268.353221940,24709791.556953
0.271133333,a-r0,1,1964.513665430,0.323375246546,0,QPSK 1/4,2048126311.111111,2048126311.111111,127.819265972,16023611.898744
0.271133333,a-r0,2,1964.513665430,0.518449873431,0,QPSK 2/5,3297987911.111111,1648993955.555555,157.536077728,20934810.353787
0.271133333,a-r0,4,1964.513665430,1.405098508528,0,QPSK 3/4,6214331644.444445,1553582911.111111,248.887735248,24968412.518367
0.271133333,b0,1,1964.513665430,1.650000000000,1,QPSK 4/5,6630952177.777779,6630952177.777779,268.353221940,24709791.556953
0.273900000,a-r0,1,1963.791768888,0.323494120388,0,QPSK 1/4,2048126311.111111,2048126311.111111,127.839783015,16021040.264722
0.273900000,a-r0,2,1963.791768888,0.518640457370,0,QPSK 2/5,3297987911.111111,1648993955.555555,157.562056270,20931358.660792
0.273900000,a-r0,4,1963.791768888,1.405615027525,0,QPSK 3/4,6214331644.444445,1553582911.111111,248.930502838,24964122.811811
0.273900000,b0,1,1963.791768888,1.650000000000,1,QPSK 4/5,6630952177.777779,6630952177.777779,268.353221940,24709791.556953
0.276666667,a-r0,1,1963.062787459,0.323614249610,0,QPSK 1/4,2048126311.111111,2048126311.111111,127.860512901,16018442.790830
0.276666667,a-r0,2,1963.062787459,0.518833053993,0,QPSK 2/5,3297987911.111111,1648993955.555555,157.588304312,20927872.315819
0.276666667,a-r0,4,1963.062787459,1.406137001279,0,QPSK 3/4,6214331644.444445,1553582911.111111,248.973714097,24959790.100691
0.276666667,b0,1,1963.062787459,1.650000000000,1,QPSK 4/5,6630952177.777779,6630952177.777779,268.353221940,24709791.556953
0.279433333,a-r0,1,1962.326728460,0.323735635706,0,QPSK 1/4,2048126311.111111,2048126311.111111,127.881455770,16015819.485190
0.279433333,a-r0,2,1962.326728460,0.519027665691,0,QPSK 2/5,3297987911.111111,1648993955.555555,157.614822031,20924351.330689
0.279433333,a-r0,4,1962.326728460,1.406664436277,0,QPSK 3/4,6214331644.444445,1553582911.111111,249.017369316,24955414.401508
0.279433333,b0,1,1962.326728460,1.650000000000,1,QPSK 4/5,6630952177.777779,6630952177.777779,268.353221940,24709791.556953
0.282200000,a-r0,1,1961.583599279,0.323858280185,0,QPSK 1/4,2048126311.111111,2048126311.111111,127.902611761,16013170.356006
0.282200000,a-r0,2,1961.583599279,0.519224294886,0,QPSK 2/5,3297987911.111111,1648993955.555555,157.641609606,20920795.717344
0.282200000,a-r0,4,1961.583599279,1.407197339075,0,QPSK 3/4,6214331644.444445,1553582911.111111,249.061468787,24950995.730922
0.282200000,b0,1,1961.583599279,1.650000000000,1,QPSK 4/5,6630952177.777779,6630952177.777779,268.353221940,24709791.556953
0.284966667,a-r0,1,1960.833407375,0.323982184571,0,QPSK 1/4,2048126311.111111,2048126311.111111,127.923981018,16010495.411560
0.284966667,a-r0,2,1960.833407375,0.519422944022,0,QPSK 2/5,3297987911.111111,1648993955.555555,157.668667214,20917205.487840
0.284966667,a-r0,4,1960.833407375,1.407735716302,0,QPSK 3/4,6214331644.444445,1553582911.111111,249.106012807,24946534.105762
0.284966667,b0,1,1960.833407375,1.650000000000,1,QPSK 4/5,6630952177.777779,6630952177.777779,268.353221940,24709791.556953
0.287733333,a-r0,1,1960.076160274,0.324107350407,0,QPSK 1/4,2048126311.111111,2048126311.111111,127.945563682,16007794.660219
0.287733333,a-r0,2,1960.076160274,0.519623615571,0,QPSK 2/5,3297987911.111111,1648993955.555555,157.695995039,20913580.654357
0.287733333,a-r0,4,1960.076160274,1.408279574654,0,QPSK 3/4,6214331644.444445,1553582911.111111,249.151001675,24942029.543016
0.287733333,b0,1,1960.076160274,1.650000000000,1,QPSK 4/5,6630952177.777779,6630952177.777779,268.353221940,24709791.556953
0.290500000,a-r0,1,1959.311865573,0.324233779249,0,QPSK 1/4,2048126311.111111,2048126311.111111,127.967359900,16005068.110430
0.290500000,a-r0,2,1959.311865573,0.519826312030,0,QPSK 2/5,3297987911.111111,1648993955.555555,157.723593263,20909921.229186
0.290500000,a-r0,4,1959.311865573,1.408828920899,0,QPSK 3/4,6214331644.444445,1553582911.111111,249.196435692,24937482.059840
0.290500000,b0,1,1959.311865573,1.650000000000,1,QPSK 4/5,6630952177.777779,6630952177.777779,268.353221940,24709791.556953
0.293266667,a-r0,1,1958.540530936,0.324361472672,0,QPSK 1/4,2048126311.111111,2048126311.111111,127.989369817,16002315.770722
0.293266667,a-r0,2,1958.540530936,0.520031035921,0,QPSK 2/5,3297987911.111111,1648993955.555555,157.751462072,20906227.224743
0.293266667,a-r0,4,1958.540530936,1.409383761877,0,QPSK 3/4,6214331644.444445,1553582911.111111,249.242315164,24932891.673551
0.293266667,b0,1,1958.540530936,1.650000000000,1,QPSK 4/5,6630952177.777779,6630952177.777779,268.353221940,24709791.556953
0.296033333,a-r0,1,1957.762164101,0.324490432265,0,QPSK 1/4,2048126311.111111,2048126311.111111,128.011593582,15999537.649705
0.296033333,a-r0,2,1957.762164101,0.520237789795,0,QPSK 2/5,3297987911.111111,1648993955.555555,157.779601653,20902498.653557
0.296033333,a-r0,4,1957.762164101,1.409944104496,0,QPSK 3/4,6214331644.444445,1553582911.111111,249.288640398,24928258.401630
0.296033333,b0,1,1957.762164101,1.650000000000,1,QPSK 4/5,6630952177.777779,6630952177.777779,268.353221940,24709791.556953
0.298800000,a-r0,1,1956.976772869,0.324620659636,0,QPSK 1/4,2048126311.111111,2048126311.111111,128.034031343,15996733.756071
0.298800000,a-r0,2,1956.976772869,0.520446576227,0,QPSK 2/5,3297987911.111111,1648993955.555555,157.808012195,20898735.528277
0.298800000,a-r0,4,1956.976772869,1.410509955738,0,QPSK 3/4,6214331644.444445,1553582911.111111,249.335411707,24923582.261722
0.298800000,b0,1,1956.976772869,1.650000000000,1,QPSK 4/5,6630952177.777779,6630952177.777779,268.353221940,24709791.556953
0.301566667,a-r0,1,1956.184365114,0.324752156407,0,QPSK 1/4,2048126311.111111,2048126311.111111,128.056683252,15993904.098592
0.301566667,a-r0,2,1956.184365114,0.520657397820,0,QPSK 2/5,3297987911.111111,1648993955.555555,157.836693889,20894937.861670
0.301566667,a-r0,4,1956.184365114,1.411081322653,0,QPSK 3/4,6214331644.444445,1553582911.111111,249.382629404,24918863.271635
0.301566667,b0,1,1956.184365114,1.650000000000,1,QPSK 4/5,6630952177.777779,6630952177.777779,268.353221940,24709791.556953
0.304333333,a-r0,1,1955.384948779,0.324884924218,0,QPSK 1/4,2048126311.111111,2048126311.111111,128.079549460,15991048.686123
0.304333333,a-r0,2,1955.384948779,0.520870257200,0,QPSK 2/5,3297987911.111111,1648993955.555555,157.865646928,20891105.666621
0.304333333,a-r0,4,1955.384948779,1.411658212365,0,QPSK 3/4,6214331644.444445,1553582911.111111,249.430293807,24914101.449339
0.304333333,b0,1,1955.384948779,1.650000000000,1,QPSK 4/5,6630952177.777779,6630952177.777779,268.353221940,24709791.556953
0.307100000,a-r0,1,1954.578531872,0.325018964724,0,QPSK 1/4,2048126311.111111,2048126311.111111,128.102630122,15988167.527600
0.307100000,a-r0,2,1954.578531872,0.521085157024,0,QPSK 2/5,3297987911.111111,1648993955.555555,157.894871507,20887238.956131
0.307100000,a-r0,4,1954.578531872,1.412240632069,0,QPSK 3/4,6214331644.444445,1553582911.111111,249.478405236,24909296.812971
0.307100000,b0,1,1954.578531872,1.650000000000,1,QPSK 4/5,6630952177.777779,6630952177.777779,268.353221940,24709791.556953
0.309866667,a-r0,1,1953.765122474,0.325154279598,0,QPSK 1/4,2048126311.111111,2048126311.111111,128.125925392,15985260.632041
0.309866667,a-r0,2,1953.765122474,0.521302099971,0,QPSK 2/5,3297987911.111111,1648993955.555555,157.924367821,20883337.743322
0.309866667,a-r0,4,1953.765122474,1.412828589029,0,QPSK 3/4,6214331644.444445,1553582911.111111,249.526964014,24904449.380827
0.309866667,b0,1,1953.765122474,1.650000000000,1,QPSK 4/5,6630952177.777779,6630952177.777779,268.353221940,24709791.556953
0.312633333,a-r0,1,1952.944728732,0.325290870528,0,QPSK 1/4,2048126311.111111,2048126311.111111,128.149435427,15982328.008543
0.312633333,a-r0,2,1952.944728732,0.521521088750,0,QPSK 2/5,3297987911.111111,1648993955.555555,157.954136070,20879402.041432
0.312633333,a-r0,4,1952.944728732,1.413422090584,0,QPSK 3/4,6214331644.444445,1553582911.111111,249.575970469,24899559.171369
0.312633333,b0,1,1952.944728732,1.650000000000,1,QPSK 4/5,6630952177.777779,6630952177.777779,268.353221940,24709791.556953
0.315400000,a-r0,1,1952.117358861,0.325428739219,0,QPSK 1/4,2048126311.111111,2048126311.111111,128.173160386,15979369.666288
0.315400000,a-r0,2,1952.117358861,0.521742126093,0,QPSK 2/5,3297987911.111111,1648993955.555555,157.984176453,20875431.863817
0.315400000,a-r0,4,1952.117358861,1.414021144143,0,QPSK 3/4,6214331644.444445,1553582911.111111,249.625424930,24894626.203222
0.315400000,b0,1,1952.117358861,1.650000000000,1,QPSK 4/5,6630952177.777779,6630952177.777779,268.353221940,24709791.556953
0.318166667,a-r0,1,1951.283021146,0.325567887394,0,QPSK 1/4,2048126311.111111,2048126311.111111,128.197100428,15976385.614537
0.318166667,a-r0,2,1951.283021146,0.521965214763,0,QPSK 2/5,3297987911.111111,1648993955.555555,158.014489173,20871427.223951
0.318166667,a-r0,4,1951.283021146,1.414625757189,0,QPSK 3/4,6214331644.444445,1553582911.111111,249.675327729,24889650.495172
0.318166667,b0,1,1951.283021146,1.650000000000,1,QPSK 4/5,6630952177.777779,6630952177.777779,268.353221940,24709791.556953
0.320933333,a-r0,1,1950.441723938,0.325708316790,0,QPSK 1/4,2048126311.111111,2048126311.111111,128.221255715,15973375.862634
0.320933333,a-r0,2,1950.441723938,0.522190357546,0,QPSK 2/5,3297987911.111111,1648993955.555555,158.045074434,20867388.135426
0.320933333,a-r0,4,1950.441723938,1.415235937276,0,QPSK 3/4,6214331644.444445,1553582911.111111,249.725679203,24884632.066169
0.320933333,b0,1,1950.441723938,1.650000000000,1,QPSK 4/5,6630952177.777779,6630952177.777779,268.353221940,24709791.556953
0.323700000,a-r0,1,1949.593475658,0.325850029164,0,QPSK 1/4,2048126311.111111,2048126311.111111,128.245626408,15970340.420002
0.323700000,a-r0,2,1949.593475658,0.522417557256,0,QPSK 2/5,3297987911.111111,1648993955.555555,158.075932442,20863314.611951
0.323700000,a-r0,4,1949.593475658,1.415851692029,0,QPSK 3/4,6214331644.444445,1553582911.111111,249.776479691,24879570.935327
0.323700000,b0,1,1949.593475658,1.650000000000,1,QPSK 4/5,6630952177.777779,6630952177.777779,268.353221940,24709791.556953
0.326466667,a-r0,1,1948.738284793,0.325993026287,0,QPSK 1/4,2048126311.111111,2048126311.111111,128.270212672,15967279.296147
0.326466667,a-r0,2,1948.738284793,0.522646816735,0,QPSK 2/5,3297987911.111111,1648993955.555555,158.107063404,20859206.667355
0.326466667,a-r0,4,1948.738284793,1.416473029149,0,QPSK 3/4,6214331644.444445,1553582911.111111,249.827729534,24874467.121921
0.326466667,b0,1,1948.738284793,1.650000000000,1,QPSK 4/5,6630952177.777779,6630952177.777779,268.353221940,24709791.556953
0.329233333,a-r0,1,1947.876159898,0.326137309948,0,QPSK 1/4,2048126311.111111,2048126311.111111,128.295014673,15964192.500657
0.329233333,a-r0,2,1947.876159898,0.522878138849,0,QPSK 2/5,3297987911.111111,1648993955.555555,158.138467530,20855064.315581
0.329233333,a-r0,4,1947.876159898,1.417099956408,0,QPSK 3/4,6214331644.444445,1553582911.111111,249.879429079,24869320.645391
0.329233333,b0,1,1947.876159898,1.650000000000,1,QPSK 4/5,6630952177.777779,6630952177.777779,268.353221940,24709791.556953
0.332000000,a-r0,1,1947.007109598,0.326282881952,0,QPSK 1/4,2048126311.111111,2048126311.111111,128.320032577,15961080.043201
0.332000000,a-r0,2,1947.007109598,0.523111526494,0,QPSK 2/5,3297987911.111111,1648993955.555555,158.170145032,20850887.570693
0.332000000,a-r0,4,1947.007109598,1.417732481649,0,QPSK 3/4,6214331644.444445,1553582911.111111,249.931578672,24864131.525338
0.332000000,b0,1,1947.007109598,1.650000000000,1,QPSK 4/5,6630952177.777779,6630952177.777779,268.353221940,24709791.556953
0.334766667,a-r0,1,1946.131142582,0.326429744122,0,QPSK 1/4,2048126311.111111,2048126311.111111,128.345266554,15957941.933528
0.334766667,a-r0,2,1946.131142582,0.523346982591,0,QPSK 2/5,3297987911.111111,1648993955.555555,158.202096124,20846676.446872
0.334766667,a-r0,4,1946.131142582,1.418370612793,0,QPSK 3/4,6214331644.444445,1553582911.111111,249.984178667,24858899.781525
0.334766667,b0,1,1946.131142582,1.650000000000,1,QPSK 4/5,6630952177.777779,6630952177.777779,268.353221940,24709791.556953
0.337533333,a-r0,1,1945.248267608,0.326577898297,0,QPSK 1/4,2048126311.111111,2048126311.111111,128.370716773,15954778.181469
0.337533333,a-r0,2,1945.248267608,0.523584510089,0,QPSK 2/5,3297987911.111111,1648993955.555555,158.234321020,20842430.958414
0.337533333,a-r0,4,1945.248267608,1.419014357830,0,QPSK 3/4,6214331644.444445,1553582911.111111,250.037229417,24853625.433879
0.337533333,b0,1,1945.248267608,1.650000000000,1,QPSK 4/5,6630952177.777779,6630952177.777779,268.353221940,24709791.556953
0.340300000,a-r0,1,1944.358493502,0.326727346333,0,QPSK 1/4,2048126311.111111,2048126311.111111,128.396383406,15951588.796939
0.340300000,a-r0,2,1944.358493502,0.523824111963,0,QPSK 2/5,3297987911.111111,1648993955.555555,158.266819938,20838151.119737
0.340300000,a-r0,4,1944.358493502,1.419663724825,0,QPSK 3/4,6214331644.444445,1553582911.111111,250.090731279,24848308.502489
0.340300000,b0,1,1944.358493502,1.650000000000,1,QPSK 4/5,6630952177.777779,6630952177.777779,268.353221940,24709791.556953
0.343066667,a-r0,1,1943.461829154,0.326878090103,0,QPSK 1/4,2048126311.111111,2048126311.111111,128.422266627,15948373.789930
0.343066667,a-r0,2,1943.461829154,0.524065791217,0,QPSK 2/5,3297987911.111111,1648993955.555555,158.299593097,20833836.945373
0.343066667,a-r0,4,1943.461829154,1.420318721917,0,QPSK 3/4,6214331644.444445,1553582911.111111,250.144684616,24842949.007607
0.343066667,b0,1,1943.461829154,1.650000000000,1,QPSK 4/5,6630952177.777779,6630952177.777779,268.353221940,24709791.556953
0.345833333,a-r0,1,1942.558283524,0.327030131497,0,QPSK 1/4,2048126311.111111,2048126311.111111,128.448366609,15945133.170519
0.345833333,a-r0,2,1942.558283524,0.524309550882,0,QPSK 2/5,3297987911.111111,1648993955.555555,158.332640719,20829488.449974
0.345833333,a-r0,4,1942.558283524,1.420979357320,0,QPSK 3/4,6214331644.444445,1553582911.111111,250.199089791,24837546.969646
0.345833333,b0,1,1942.558283524,1.650000000000,1,QPSK 3/4,6214331644.444445,6214331644.444445,268.353221940,23157283.521755
0.348600000,a-r0,1,1941.647865639,0.327183472423,0,QPSK 1/4,2048126311.111111,2048126311.111111,128.474683529,15941866.948862
0.348600000,a-r0,2,1941.647865639,0.524555394014,0,QPSK 2/5,3297987911.111111,1648993955.555555,158.365963026,20825105.648308
0.348600000,a-r0,4,1941.647865639,1.421645639320,0,QPSK 3/4,6214331644.444445,1553582911.111111,250.253947171,24832102.409183
0.348600000,b0,1,1941.647865639,1.650000000000,1,QPSK 3/4,6214331644.444445,6214331644.444445,268.353221940,23157283.521755
0.351366667,a-r0,1,1940.730584589,0.327338114804,0,QPSK 1/4,2048126311.111111,2048126311.111111,128.501217564,15938575.135198
0.351366667,a-r0,2,1940.730584589,0.524803323699,0,QPSK 2/5,3297987911.111111,1648993955.555555,158.399560243,20820688.555260
0.351366667,a-r0,4,1940.730584589,1.422317576277,0,QPSK 3/4,6214331644.444445,1553582911.111111,250.309257126,24826615.346955
0.351366667,b0,1,1940.730584589,1.650000000000,1,QPSK 3/4,6214331644.444445,6214331644.444445,268.353221940,23157283.521755
0.354133333,a-r0,1,1939.806449533,0.327494060582,0,QPSK 1/4,2048126311.111111,2048126311.111111,128.527968894,15935257.739845
0.354133333,a-r0,2,1939.806449533,0.525053343049,0,QPSK 2/5,3297987911.111111,1648993955.555555,158.433432597,20816237.185835
0.354133333,a-r0,4,1939.806449533,1.422995176629,0,QPSK 3/4,6214331644.444445,1553582911.111111,250.365020030,24821085.803863
0.354133333,b0,1,1939.806449533,1.650000000000,1,QPSK 3/4,6214331644.444445,6214331644.444445,268.353221940,23157283.521755
0.356900000,a-r0,1,1938.875469698,0.327651311717,0,QPSK 1/4,2048126311.111111,2048126311.111111,128.554937700,15931914.773206
0.356900000,a-r0,2,1938.875469698,0.525305455205,0,QPSK 2/5,3297987911.111111,1648993955.555555,158.467580317,20811751.555153
0.356900000,a-r0,4,1938.875469698,1.423678448884,0,QPSK 3/4,6214331644.444445,1553582911.111111,250.421236259,24815513.800969
0.356900000,b0,1,1938.875469698,1.650000000000,1,QPSK 3/4,6214331644.444445,6214331644.444445,268.353221940,23157283.521755
0.359666667,a-r0,1,1937.937654373,0.327809870182,0,QPSK 1/4,2048126311.111111,2048126311.111111,128.582124163,15928546.245762
0.359666667,a-r0,2,1937.937654373,0.525559663335,0,QPSK 2/5,3297987911.111111,1648993955.555555,158.502003634,20807231.678452
0.359666667,a-r0,4,1937.937654373,1.424367401629,0,QPSK 3/4,6214331644.444445,1553582911.111111,250.477906194,24809899.359498
0.359666667,b0,1,1937.937654373,1.650000000000,1,QPSK 3/4,6214331644.444445,6214331644.444445,268.353221940,23157283.521755
0.362433333,a-r0,1,1936.993012917,0.327969737973,0,QPSK 1/4,2048126311.111111,2048126311.111111,128.609528468,15925152.168076
0.362433333,a-r0,2,1936.993012917,0.525815970633,0,QPSK 2/5,3297987911.111111,1648993955.555555,158.536702780,20802677.571089
0.362433333,a-r0,4,1936.993012917,1.425062043524,0,QPSK 3/4,6214331644.444445,1553582911.111111,250.535030217,24804242.500836
0.362433333,b0,1,1936.993012917,1.650000000000,1,QPSK 3/4,6214331644.444445,6214331644.444445,268.353221940,23157283.521755
0.365200000,a-r0,1,1936.041554753,0.328130917098,0,QPSK 1/4,2048126311.111111,2048126311.111111,128.637150799,15921732.550795
0.365200000,a-r0,2,1936.041554753,0.526074380323,0,QPSK 2/5,3297987911.111111,1648993955.555555,158.571677989,20798089.248537
0.365200000,a-r0,4,1936.041554753,1.425762383303,0,QPSK 3/4,6214331644.444445,1553582911.111111,250.592608714,24798543.246530
0.365200000,b0,1,1936.041554753,1.650000000000,1,QPSK 3/4,6214331644.444445,6214331644.444445,268.353221940,23157283.521755
0.367966667,a-r0,1,1935.083289370,0.328293409587,0,QPSK 1/4,2048126311.111111,2048126311.111111,128.664991343,15918287.404643
0.367966667,a-r0,2,1935.083289370,0.526334895656,0,QPSK 2/5,3297987911.111111,1648993955.555555,158.606929499,20793466.726385
0.367966667,a-r0,4,1935.083289370,1.426468429779,0,QPSK 3/4,6214331644.444445,1553582911.111111,250.650642074,24792801.618290
0.367966667,b0,1,1935.083289370,1.650000000000,1,QPSK 3/4,6214331644.444445,6214331644.444445,268.353221940,23157283.521755
0.370733333,a-r0,1,1934.118226322,0.328457217483,0,QPSK 1/4,2048126311.111111,2048126311.111111,128.693050289,15914816.740429
0.370733333,a-r0,2,1934.118226322,0.526597519911,0,QPSK 2/5,3297987911.111111,1648993955.555555,158.642457547,20788810.020343
0.370733333,a-r0,4,1934.118226322,1.427180191838,0,QPSK 3/4,6214331644.444445,1553582911.111111,250.709130691,24787017.637989
0.370733333,b0,1,1934.118226322,1.650000000000,1,QPSK 3/4,6214331644.444445,6214331644.444445,268.353221940,23157283.521755
0.373500000,a-r0,1,1933.146375230,0.328622342851,0,QPSK 1/4,2048126311.111111,2048126311.111111,128.721327826,15911320.569041
0.373500000,a-r0,2,1933.146375230,0.526862256395,0,QPSK 2/5,3297987911.111111,1648993955.555555,158.678262375,20784119.146234
0.373500000,a-r0,4,1933.146375230,1.427897678442,0,QPSK 3/4,6214331644.444445,1553582911.111111,250.768074960,24781191.327658
0.373500000,b0,1,1933.146375230,1.650000000000,1,QPSK 3/4,6214331644.444445,6214331644.444445,268.353221940,23157283.521755
0.376266667,a-r0,1,1932.167745779,0.328788787769,0,QPSK 1/4,2048126311.111111,2048126311.111111,128.749824146,15907798.901449
0.376266667,a-r0,2,1932.167745779,0.527129108444,0,QPSK 2/5,3297987911.111111,1648993955.555555,158.714344223,20779394.120002
0.376266667,a-r0,4,1932.167745779,1.428620898630,0,QPSK 3/4,6214331644.444445,1553582911.111111,250.827475279,24775322.709492
0.376266667,b0,1,1932.167745779,1.650000000000,1,QPSK 3/4,6214331644.444445,6214331644.444445,268.353221940,23157283.521755
0.379033333,a-r0,1,1931.182347721,0.328956554336,0,QPSK 1/4,2048126311.111111,2048126311.111111,128.778539442,15904251.748705
0.379033333,a-r0,2,1931.182347721,0.527398079419,0,QPSK 2/5,3297987911.111111,1648993955.555555,158.750703337,20774634.957706
0.379033333,a-r0,4,1931.182347721,1.429349861517,0,QPSK 3/4,6214331644.444445,1553582911.111111,250.887332051,24769411.805847
0.379033333,b0,1,1931.182347721,1.650000000000,1,QPSK 3/4,6214331644.444445,6214331644.444445,268.353221940,23157283.521755
0.381800000,a-r0,1,1930.190190870,0.329125644668,0,QPSK 1/4,2048126311.111111,2048126311.111111,128.807473908,15900679.121941
0.381800000,a-r0,2,1930.190190870,0.527669172714,0,QPSK 2/5,3297987911.111111,1648993955.555555,158.787339963,20769841.675523
0.381800000,a-r0,4,1930.190190870,1.430084576295,0,QPSK 3/4,6214331644.444445,1553582911.111111,250.947645681,24763458.639241
0.381800000,b0,1,1930.190190870,1.650000000000,1,QPSK 3/4,6214331644.444445,6214331644.444445,268.353221940,23157283.521755
0.384566667,a-r0,1,1929.191285108,0.329296060896,0,QPSK 1/4,2048126311.111111,2048126311.111111,128.836627739,15897081.032371
0.384566667,a-r0,2,1929.191285108,0.527942391747,0,QPSK 2/5,3297987911.111111,1648993955.555555,158.824254349,20765014.289747
0.384566667,a-r0,4,1929.191285108,1.430825052232,0,QPSK 3/4,6214331644.444445,1553582911.111111,251.008416578,24757463.232351
0.384566667,b0,1,1929.191285108,1.650000000000,1,QPSK 3/4,6214331644.444445,6214331644.444445,268.353221940,23157283.521755
0.387333333,a-r0,1,1928.185640379,0.329467805173,0,QPSK 1/4,2048126311.111111,2048126311.111111,128.866001135,15893457.491291
0.387333333,a-r0,2,1928.185640379,0.528217739966,0,QPSK 2/5,3297987911.111111,1648993955.555555,158.861446744,20760152.816789
0.387333333,a-r0,4,1928.185640379,1.431571298672,0,QPSK 3/4,6214331644.444445,1553582911.111111,251.069645153,24751425.608018
0.387333333,b0,1,1928.185640379,1.650000000000,1,QPSK 3/4,6214331644.444445,6214331644.444445,268.353221940,23157283.521755
0.390100000,a-r0,1,1927.173266695,0.329640879666,0,QPSK 1/4,2048126311.111111,2048126311.111111,128.895594293,15889808.510077
0.390100000,a-r0,2,1927.173266695,0.528495220849,0,QPSK 2/5,3297987911.111111,1648993955.555555,158.898917402,20755257.273178
0.390100000,a-r0,4,1927.173266695,1.432323325039,0,QPSK 3/4,6214331644.444445,1553582911.111111,251.131331822,24745345.789242
0.390100000,b0,1,1927.173266695,1.650000000000,1,QPSK 3/4,6214331644.444445,6214331644.444445,268.353221940,23157283.521755
0.392866667,a-r0,1,1926.154174130,0.329815286561,0,QPSK 1/4,2048126311.111111,2048126311.111111,128.925407415,15886134.100186
0.392866667,a-r0,2,1926.154174130,0.528774837900,0,QPSK 2/5,3297987911.111111,1648993955.555555,158.936666576,20750327.675558
0.392866667,a-r0,4,1926.154174130,1.433081140831,0,QPSK 3/4,6214331644.444445,1553582911.111111,251.193477002,24739223.799184
0.392866667,b0,1,1926.154174130,1.650000000000,1,QPSK 3/4,6214331644.444445,6214331644.444445,268.353221940,23157283.521755
0.395633333,a-r0,1,1925.128372822,0.329991028063,0,QPSK 1/4,2048126311.111111,2048126311.111111,128.955440702,15882434.273158
0.395633333,a-r0,2,1925.128372822,0.529056594654,0,QPSK 2/5,3297987911.111111,1648993955.555555,158.974694522,20745364.040692
0.395633333,a-r0,4,1925.128372822,1.433844755627,0,QPSK 3/4,6214331644.444445,1553582911.111111,251.256081115,24733059.661168
0.395633333,b0,1,1925.128372822,1.650000000000,1,QPSK 3/4,6214331644.444445,6214331644.444445,268.353221940,23157283.521755
0.398400000,a-r0,1,1924.095872974,0.330168106395,0,QPSK 1/4,2048126311.111111,2048126311.111111,128.985694358,15878709.040612
0.398400000,a-r0,2,1924.095872974,0.529340494672,0,QPSK 2/5,3297987911.111111,1648993955.555555,159.013001498,20740366.385459
0.398400000,a-r0,4,1924.095872974,1.434614179081,0,QPSK 3/4,6214331644.444445,1553582911.111111,251.319144585,24726853.398676
0.398400000,b0,1,1924.095872974,1.650000000000,1,QPSK 3/4,6214331644.444445,6214331644.444445,268.353221940,23157283.521755
0.401166667,a-r0,1,1923.056684854,0.330346523795,0,QPSK 1/4,2048126311.111111,2048126311.111111,129.016168589,15874958.414250
0.401166667,a-r0,2,1923.056684854,0.529626541546,0,QPSK 2/5,3297987911.111111,1648993955.555555,159.051587763,20735334.726857
0.401166667,a-r0,4,1923.056684854,1.435389420925,0,QPSK 3/4,6214331644.444445,1553582911.111111,251.382667842,24720605.035354
0.401166667,b0,1,1923.056684854,1.650000000000,1,QPSK 3/4,6214331644.444445,6214331644.444445,268.353221940,23157283.521755
0.403933333,a-r0,1,1922.010818792,0.330526282522,0,QPSK 1/4,2048126311.111111,2048126311.111111,129.046863601,15871182.405854
0.403933333,a-r0,2,1922.010818792,0.529914738896,0,QPSK 2/5,3297987911.111111,1648993955.555555,159.090453581,20730269.081998
0.403933333,a-r0,4,1922.010818792,1.436170490973,0,QPSK 3/4,6214331644.444445,1553582911.111111,251.446651314,24714314.595005
0.403933333,b0,1,1922.010818792,1.650000000000,1,QPSK 3/4,6214331644.444445,6214331644.444445,268.353221940,23157283.521755
0.406700000,a-r0,1,1920.958285183,0.330707384851,0,QPSK 1/4,2048126311.111111,2048126311.111111,129.077779603,15867381.027289
0.406700000,a-r0,2,1920.958285183,0.530205090372,0,QPSK 2/5,3297987911.111111,1648993955.555555,159.129599214,20725169.468113
0.406700000,a-r0,4,1920.958285183,1.436957399112,0,QPSK 3/4,6214331644.444445,1553582911.111111,251.511095438,24707982.101596
0.406700000,b0,1,1920.958285183,1.650000000000,1,QPSK 3/4,6214331644.444445,6214331644.444445,268.353221940,23157283.521755
0.409466667,a-r0,1,1919.899094484,0.330889833079,0,QPSK 1/4,2048126311.111111,2048126311.111111,129.108916804,15863554.290499
0.409466667,a-r0,2,1919.899094484,0.530497599651,0,QPSK 2/5,3297987911.111111,1648993955.555555,159.169024929,20720035.902548
0.409466667,a-r0,4,1919.899094484,1.437750155313,0,QPSK 3/4,6214331644.444445,1553582911.111111,251.576000651,24701607.579252
0.409466667,b0,1,1919.899094484,1.650000000000,1,QPSK 3/4,6214331644.444445,6214331644.444445,268.353221940,23157283.521755
0.412233333,a-r0,1,1918.833257217,0.331073629515,0,QPSK 1/4,2048126311.111111,2048126311.111111,129.140275417,15859702.207511
0.412233333,a-r0,2,1918.833257217,0.530792270441,0,QPSK 2/5,3297987911.111111,1648993955.555555,159.208730994,20714868.402768
0.412233333,a-r0,4,1918.833257217,1.438548769622,0,QPSK 3/4,6214331644.444445,1553582911.111111,251.641367394,24695191.052260
0.412233333,b0,1,1918.833257217,1.650000000000,1,QPSK 3/4,6214331644.444445,6214331644.444445,268.353221940,23157283.521755
0.415000000,a-r0,1,1917.760783966,0.331258776492,0,QPSK 1/4,2048126311.111111,2048126311.111111,129.171855654,15855824.790431
0.415000000,a-r0,2,1917.760783966,0.531089106479,0,QPSK 2/5,3297987911.111111,1648993955.555555,159.248717678,20709666.986354
0.415000000,a-r0,4,1917.760783966,1.439353252166,0,QPSK 3/4,6214331644.444445,1553582911.111111,251.707196111,24688732.545066
0.415000000,b0,1,1917.760783966,1.650000000000,1,QPSK 3/4,6214331644.444445,6214331644.444445,268.353221940,23157283.521755
0.417766667,a-r0,1,1916.681685380,0.331445276358,0,QPSK 1/4,2048126311.111111,2048126311.111111,129.203657731,15851922.051449
0.417766667,a-r0,2,1916.681685380,0.531388111529,0,QPSK 2/5,3297987911.111111,1648993955.555555,159.288985253,20704431.671004
0.417766667,a-r0,4,1916.681685380,1.440163613152,0,QPSK 3/4,6214331644.444445,1553582911.111111,251.773487249,24682232.082278
0.417766667,b0,1,1916.681685380,1.650000000000,1,QPSK 3/4,6214331644.444445,6214331644.444445,268.353221940,23157283.521755
0.420533333,a-r0,1,1915.595972169,0.331633131480,0,QPSK 1/4,2048126311.111111,2048126311.111111,129.235681863,15847994.002834
0.420533333,a-r0,2,1915.595972169,0.531689289388,0,QPSK 2/5,3297987911.111111,1648993955.555555,159.329533993,20699162.474531
0.420533333,a-r0,4,1915.595972169,1.440979862865,0,QPSK 3/4,6214331644.444445,1553582911.111111,251.840241260,24675689.688662
0.420533333,b0,1,1915.595972169,1.650000000000,1,QPSK 3/4,6214331644.444445,6214331644.444445,268.353221940,23157283.521755
0.423300000,a-r0,1,1914.503655105,0.331822344244,0,QPSK 1/4,2048126311.111111,2048126311.111111,129.267928268,15844040.656937
0.423300000,a-r0,2,1914.503655105,0.531992643880,0,QPSK 2/5,3297987911.111111,1648993955.555555,159.370364174,20693859.414867
0.423300000,a-r0,4,1914.503655105,1.441802011670,0,QPSK 3/4,6214331644.444445,1553582911.111111,251.907458597,24669105.389145
0.423300000,b0,1,1914.503655105,1.650000000000,1,QPSK 3/4,6214331644.444445,6214331644.444445,268.353221940,23157283.521755
0.426066667,a-r0,1,1913.404745025,0.332012917054,0,QPSK 1/4,2048126311.111111,2048126311.111111,129.300397165,15840062.026189
0.426066667,a-r0,2,1913.404745025,0.532298178859,0,QPSK 2/5,3297987911.111111,1648993955.555555,159.411476074,20688522.510060
0.426066667,a-r0,4,1913.404745025,1.442630070014,0,QPSK 3/4,6214331644.444445,1553582911.111111,251.975139718,24662479.208815
0.426066667,b0,1,1913.404745025,1.650000000000,1,QPSK 3/4,6214331644.444445,6214331644.444445,268.353221940,23157283.521755
0.428833333,a-r0,1,1912.299252826,0.332204852333,0,QPSK 1/4,2048126311.111111,2048126311.111111,129.333088777,15836058.123105
0.428833333,a-r0,2,1912.299252826,0.532605898209,0,QPSK 2/5,3297987911.111111,1648993955.555555,159.452869972,20683151.778274
0.428833333,a-r0,4,1912.299252826,1.443464048422,0,QPSK 3/4,6214331644.444445,1553582911.111111,252.043285084,24655811.172919
0.428833333,b0,1,1912.299252826,1.650000000000,1,QPSK 3/4,6214331644.444445,6214331644.444445,268.353221940,23157283.521755
0.431600000,a-r0,1,1911.187189470,0.332398152521,0,QPSK 1/4,2048126311.111111,2048126311.111111,129.366003325,15832028.960278
0.431600000,a-r0,2,1911.187189470,0.532915805844,0,QPSK 2/5,3297987911.111111,1648993955.555555,159.494546151,20677747.237791
0.431600000,a-r0,4,1911.187189470,1.444303957502,0,QPSK 3/4,6214331644.444445,1553582911.111111,252.111895159,24649101.306862
0.431600000,b0,1,1911.187189470,1.650000000000,1,QPSK 3/4,6214331644.444445,6214331644.444445,268.353221940,23157283.521755
0.434366667,a-r0,1,1910.068565979,0.332592820078,0,QPSK 1/4,2048126311.111111,2048126311.111111,129.399141033,15827974.550384
0.434366667,a-r0,2,1910.068565979,0.533227905708,0,QPSK 2/5,3297987911.111111,1648993955.555555,159.536504894,20672308.907007
0.434366667,a-r0,4,1910.068565979,1.445149807941,0,QPSK 3/4,6214331644.444445,1553582911.111111,252.180970410,24642349.636213
0.434366667,b0,1,1910.068565979,1.650000000000,1,QPSK 3/4,6214331644.444445,6214331644.444445,268.353221940,23157283.521755
0.437133333,a-r0,1,1908.943393437,0.332788857483,0,QPSK 1/4,2048126311.111111,2048126311.111111,129.432502128,15823894.906179
0.437133333,a-r0,2,1908.943393437,0.533542201774,0,QPSK 2/5,3297987911.111111,1648993955.555555,159.578746487,20666836.804439
0.437133333,a-r0,4,1908.943393437,1.446001610509,0,QPSK 3/4,6214331644.444445,1553582911.111111,252.250511308,24635556.186695
0.437133333,b0,1,1908.943393437,1.650000000000,1,QPSK 3/4,6214331644.444445,6214331644.444445,268.353221940,23157283.521755
0.439900000,a-r0,1,1907.811682990,0.332986267233,0,QPSK 1/4,2048126311.111111,2048126311.111111,129.466086836,15819790.040501
0.439900000,a-r0,2,1907.811682990,0.533858698045,0,QPSK 2/5,3297987911.111111,1648993955.555555,159.621271219,20661330.948715
0.439900000,a-r0,4,1907.811682990,1.446859376054,0,QPSK 3/4,6214331644.444445,1553582911.111111,252.320518326,24628720.984196
0.439900000,b0,1,1907.811682990,1.650000000000,1,QPSK 3/4,6214331644.444445,6214331644.444445,268.353221940,23157283.521755
0.442666667,a-r0,1,1906.673445845,0.333185051843,0,QPSK 1/4,2048126311.111111,2048126311.111111,129.499895387,15815659.966268
0.442666667,a-r0,2,1906.673445845,0.534177398555,0,QPSK 2/5,3297987911.111111,1648993955.555555,159.664079379,20655791.358584
0.442666667,a-r0,4,1906.673445845,1.447723115510,0,QPSK 3/4,6214331644.444445,1553582911.111111,252.390991943,24621844.054760
0.442666667,b0,1,1906.673445845,1.650000000000,1,QPSK 3/4,6214331644.444445,6214331644.444445,268.353221940,23157283.521755
0.445433333,a-r0,1,1905.528693273,0.333385213849,0,QPSK 1/4,2048126311.111111,2048126311.111111,129.533928012,15811504.696481
0.445433333,a-r0,2,1905.528693273,0.534498307368,0,QPSK 2/5,3297987911.111111,1648993955.555555,159.707171259,20650218.052909
0.445433333,a-r0,4,1905.528693273,1.448592839889,0,QPSK 3/4,6214331644.444445,1553582911.111111,252.461932638,24614925.424591
0.445433333,b0,1,1905.528693273,1.650000000000,1,QPSK 3/4,6214331644.444445,6214331644.444445,268.353221940,23157283.521755
0.448200000,a-r0,1,1904.377436603,0.333586755803,0,QPSK 1/4,2048126311.111111,2048126311.111111,129.568184942,15807324.244220
0.448200000,a-r0,2,1904.377436603,0.534821428578,0,QPSK 2/5,3297987911.111111,1648993955.555555,159.750547153,20644611.050671
0.448200000,a-r0,4,1904.377436603,1.449468560289,0,QPSK 3/4,6214331644.444445,1553582911.111111,252.533340897,24607965.120053
0.448200000,b0,1,1904.377436603,1.650000000000,1,QPSK 3/4,6214331644.444445,6214331644.444445,268.353221940,23157283.521755
0.450966667,a-r0,1,1903.219687227,0.333789680280,0,QPSK 1/4,2048126311.111111,2048126311.111111,129.602666411,15803118.622647
0.450966667,a-r0,2,1903.219687227,0.535146766310,0,QPSK 2/5,3297987911.111111,1648993955.555555,159.794207358,20638970.370965
0.450966667,a-r0,4,1903.219687227,1.450350287886,0,QPSK 3/4,6214331644.444445,1553582911.111111,252.605217206,24600963.167668
0.450966667,b0,1,1903.219687227,1.650000000000,1,QPSK 3/4,6214331644.444445,6214331644.444445,268.353221940,23157283.521755
0.453733333,a-r0,1,1902.055456597,0.333993989869,0,QPSK 1/4,2048126311.111111,2048126311.111111,129.637372656,15798887.845005
0.453733333,a-r0,2,1902.055456597,0.535474324717,0,QPSK 2/5,3297987911.111111,1648993955.555555,159.838152171,20633296.033005
0.453733333,a-r0,4,1902.055456597,1.451238033942,0,QPSK 3/4,6214331644.444445,1553582911.111111,252.677562056,24593919.594118
0.453733333,b0,1,1902.055456597,1.650000000000,1,QPSK 3/4,6214331644.444445,6214331644.444445,268.353221940,23157283.521755
0.456500000,a-r0,1,1900.884756225,0.334199687183,0,QPSK 1/4,2048126311.111111,2048126311.111111,129.672303912,15794631.924619
0.456500000,a-r0,2,1900.884756225,0.535804107988,0,QPSK 2/5,3297987911.111111,1648993955.555555,159.882381893,20627588.056120
0.456500000,a-r0,4,1900.884756225,1.452131809801,0,QPSK 3/4,6214331644.444445,1553582911.111111,252.750375942,24586834.426242
0.456500000,b0,1,1900.884756225,1.650000000000,1,QPSK 3/4,6214331644.444445,6214331644.444445,268.353221940,23157283.521755
0.459266667,a-r0,1,1899.707597686,0.334406774851,0,QPSK 1/4,2048126311.111111,2048126311.111111,129.707460419,15790350.874893
0.459266667,a-r0,2,1899.707597686,0.536136120336,0,QPSK 2/5,3297987911.111111,1648993955.555555,159.926896825,20621846.459755
0.459266667,a-r0,4,1899.707597686,1.453031626889,0,QPSK 3/4,6214331644.444445,1553582911.111111,252.823659360,24579707.691042
0.459266667,b0,1,1899.707597686,1.650000000000,1,QPSK 3/4,6214331644.444445,6214331644.444445,268.353221940,23157283.521755
0.462033333,a-r0,1,1898.523992613,0.334615255521,0,QPSK 1/4,2048126311.111111,2048126311.111111,129.742842417,15786044.709313
0.462033333,a-r0,2,1898.523992613,0.536470366010,0,QPSK 2/5,3297987911.111111,1648993955.555555,159.971697273,20616071.263471
0.462033333,a-r0,4,1898.523992613,1.453937496718,0,QPSK 3/4,6214331644.444445,1553582911.111111,252.897412812,24572539.415674
0.462033333,b0,1,1898.523992613,1.650000000000,1,QPSK 3/4,6214331644.444445,6214331644.444445,268.353221940,23157283.521755
0.464800000,a-r0,1,1897.333952700,0.334825131863,0,QPSK 1/4,2048126311.111111,2048126311.111111,129.778450148,15781713.441447
0.464800000,a-r0,2,1897.333952700,0.536806849288,0,QPSK 2/5,3297987911.111111,1648993955.555555,160.016783542,20610262.486948
0.464800000,a-r0,4,1897.333952700,1.454849430882,0,QPSK 3/4,6214331644.444445,1553582911.111111,252.971636802,24565329.627455
0.464800000,b0,1,1897.333952700,1.650000000000,1,QPSK 3/4,6214331644.444445,6214331644.444445,268.353221940,23157283.521755
0.467566667,a-r0,1,1896.137489702,0.335036406564,0,QPSK 1/4,2048126311.111111,2048126311.111111,129.814283855,15777357.084942
0.467566667,a-r0,2,1896.137489702,0.537145574479,0,QPSK 2/5,3297987911.111111,1648993955.555555,160.062155941,20604420.149978
0.467566667,a-r0,4,1896.137489702,1.455767441059,0,QPSK 3/4,6214331644.444445,1553582911.111111,253.046331838,24558078.353861
0.467566667,b0,1,1896.137489702,1.650000000000,1,QPSK 3/4,6214331644.444445,6214331644.444445,268.353221940,23157283.521755
0.470333333,a-r0,1,1894.934615432,0.335249082331,0,QPSK 1/4,2048126311.111111,2048126311.111111,129.850343784,15772975.653528
0.470333333,a-r0,2,1894.934615432,0.537486545922,0,QPSK 2/5,3297987911.111111,1648993955.555555,160.107814780,20598544.272471
0.470333333,a-r0,4,1894.934615432,1.456691539011,0,QPSK 3/4,6214331644.444445,1553582911.111111,253.121498432,24550785.622525
0.470333333,b0,1,1894.934615432,1.650000000000,1,QPSK 3/4,6214331644.444445,6214331644.444445,268.353221940,23157283.521755
0.473100000,a-r0,1,1893.725341764,0.335463161891,0,QPSK 1/4,2048126311.111111,2048126311.111111,129.886630182,15768569.161015
0.473100000,a-r0,2,1893.725341764,0.537829767989,0,QPSK 2/5,3297987911.111111,1648993955.555555,160.153760372,20592634.874454
0.473100000,a-r0,4,1893.725341764,1.457621736586,0,QPSK 3/4,6214331644.444445,1553582911.111111,253.197137096,24543451.461239
0.473100000,b0,1,1893.725341764,1.650000000000,1,QPSK 3/4,6214331644.444445,6214331644.444445,268.353221940,23157283.521755
0.475866667,a-r0,1,1892.509680631,0.335678647990,0,QPSK 1/4,2048126311.111111,2048126311.111111,129.923143296,15764137.621294
0.475866667,a-r0,2,1892.509680631,0.538175245083,0,QPSK 2/5,3297987911.111111,1648993955.555555,160.199993032,20586691.976070
0.475866667,a-r0,4,1892.509680631,1.458558045716,0,QPSK 3/4,6214331644.444445,1553582911.111111,253.273248350,24536075.897954
0.475866667,b0,1,1892.509680631,1.650000000000,1,QPSK 3/4,6214331644.444445,6214331644.444445,268.353221940,23157283.521755
0.478633333,a-r0,1,1891.287644025,0.335895543393,0,QPSK 1/4,2048126311.111111,2048126311.111111,129.959883378,15759681.048336
0.478633333,a-r0,2,1891.287644025,0.538522981639,0,QPSK 2/5,3297987911.111111,1648993955.555555,160.246513076,20580715.597575
0.478633333,a-r0,4,1891.287644025,1.459500478418,0,QPSK 3/4,6214331644.444445,1553582911.111111,253.349832715,24528658.960777
0.478633333,b0,1,1891.287644025,1.650000000000,1,QPSK 3/4,6214331644.444445,6214331644.444445,268.353221940,23157283.521755
0.481400000,a-r0,1,1890.059243997,0.336113850885,0,QPSK 1/4,2048126311.111111,2048126311.111111,129.996850678,15755199.456196
0.481400000,a-r0,2,1890.059243997,0.538872982120,0,QPSK 2/5,3297987911.111111,1648993955.555555,160.293320822,20574705.759345
0.481400000,a-r0,4,1890.059243997,1.460449046793,0,QPSK 3/4,6214331644.444445,1553582911.111111,253.426890716,24521200.677975
0.481400000,b0,1,1890.059243997,1.650000000000,1,QPSK 3/4,6214331644.444445,6214331644.444445,268.353221940,23157283.521755
0.484166667,a-r0,1,1888.824492659,0.336333573273,0,QPSK 1/4,2048126311.111111,2048126311.111111,130.034045451,15750692.859007
0.484166667,a-r0,2,1888.824492659,0.539225251025,0,QPSK 2/5,3297987911.111111,1648993955.555555,160.340416593,20568662.481869
0.484166667,a-r0,4,1888.824492659,1.461403763032,0,QPSK 3/4,6214331644.444445,1553582911.111111,253.504422881,24513701.077972
0.484166667,b0,1,1888.824492659,1.650000000000,1,QPSK 3/4,6214331644.444445,6214331644.444445,268.353221940,23157283.521755
0.486933333,a-r0,1,1887.583402180,0.336554713380,0,QPSK 1/4,2048126311.111111,2048126311.111111,130.071467951,15746161.270983
0.486933333,a-r0,2,1887.583402180,0.539579792882,0,QPSK 2/5,3297987911.111111,1648993955.555555,160.387800711,20562585.785753
0.486933333,a-r0,4,1887.583402180,1.462364639407,0,QPSK 3/4,6214331644.444445,1553582911.111111,253.582429741,24506160.189351
0.486933333,b0,1,1887.583402180,1.650000000000,1,QPSK 3/4,6214331644.444445,6214331644.444445,268.353221940,23157283.521755
0.489700000,a-r0,1,1886.335984786,0.336777274051,0,QPSK 1/4,2048126311.111111,2048126311.111111,130.109118435,15741604.706421
0.489700000,a-r0,2,1886.335984786,0.539936612253,0,QPSK 2/5,3297987911.111111,1648993955.555555,160.435473501,20556475.691719
0.489700000,a-r0,4,1886.335984786,1.463331688279,0,QPSK 3/4,6214331644.444445,1553582911.111111,253.660911833,24498578.040850
0.489700000,b0,1,1886.335984786,1.650000000000,1,QPSK 3/4,6214331644.444445,6214331644.444445,268.353221940,23157283.521755
0.492466667,a-r0,1,1885.082252765,0.337001258152,0,QPSK 1/4,2048126311.111111,2048126311.111111,130.146997162,15737023.179698
0.492466667,a-r0,2,1885.082252765,0.540295713729,0,QPSK 2/5,3297987911.111111,1648993955.555555,160.483435290,20550332.220604
0.492466667,a-r0,4,1885.082252765,1.464304922096,0,QPSK 3/4,6214331644.444445,1553582911.111111,253.739869693,24490954.661369
0.492466667,b0,1,1885.082252765,1.650000000000,1,QPSK 3/4,6214331644.444445,6214331644.444445,268.353221940,23157283.521755
0.495233333,a-r0,1,1883.822218461,0.337226668566,0,QPSK 1/4,2048126311.111111,2048126311.111111,130.185104392,15732416.705270
0.495233333,a-r0,2,1883.822218461,0.540657101936,0,QPSK 2/5,3297987911.111111,1648993955.555555,160.531686407,20544155.393362
0.495233333,a-r0,4,1883.822218461,1.465284353390,0,QPSK 3/4,6214331644.444445,1553582911.111111,253.819303866,24483290.079960
0.495233333,b0,1,1883.822218461,1.650000000000,1,QPSK 3/4,6214331644.444445,6214331644.444445,268.353221940,23157283.521755
0.498000000,a-r0,1,1882.555894275,0.337453508198,0,QPSK 1/4,2048126311.111111,2048126311.111111,130.223440386,15727785.297676
0.498000000,a-r0,2,1882.555894275,0.541020781531,0,QPSK 2/5,3297987911.111111,1648993955.555555,160.580227185,20537945.231062
0.498000000,a-r0,4,1882.555894275,1.466269994784,0,QPSK 3/4,6214331644.444445,1553582911.111111,253.899214896,24475584.325838
0.498000000,b0,1,1882.555894275,1.650000000000,1,QPSK 3/4,6214331644.444445,6214331644.444445,268.353221940,23157283.521755
0.500766667,a-r0,1,1881.283292669,0.337681779973,0,QPSK 1/4,2048126311.111111,2048126311.111111,130.262005407,15723128.971537
0.500766667,a-r0,2,1881.283292669,0.541386757202,0,QPSK 2/5,3297987911.111111,1648993955.555555,160.629057956,20531701.754888
0.500766667,a-r0,4,1881.283292669,1.467261858985,0,QPSK 3/4,6214331644.444445,1553582911.111111,253.979603332,24467837.428370
0.500766667,b0,1,1881.283292669,1.650000000000,1,QPSK 3/4,6214331644.444445,6214331644.444445,268.353221940,23157283.521755
0.503533333,a-r0,1,1880.004426160,0.337911486836,0,QPSK 1/4,2048126311.111111,2048126311.111111,130.300799722,15718447.741551
0.503533333,a-r0,2,1880.004426160,0.541755033671,0,QPSK 2/5,3297987911.111111,1648993955.555555,160.678179055,20525424.986141
0.503533333,a-r0,4,1880.004426160,1.468259958790,0,QPSK 3/4,6214331644.444445,1553582911.111111,254.060469727,24460049.417085
0.503533333,b0,1,1880.004426160,1.650000000000,1,QPSK 3/4,6214331644.444445,6214331644.444445,268.353221940,23157283.521755
0.506300000,a-r0,1,1878.719307324,0.338142631752,0,QPSK 1/4,2048126311.111111,2048126311.111111,130.339823596,15713741.622500
0.506300000,a-r0,2,1878.719307324,0.542125615693,0,QPSK 2/5,3297987911.111111,1648993955.555555,160.727590822,20519114.946236
0.506300000,a-r0,4,1878.719307324,1.469264307084,0,QPSK 3/4,6214331644.444445,1553582911.111111,254.141814637,24452220.321665
0.506300000,b0,1,1878.719307324,1.650000000000,1,QPSK 3/4,6214331644.444445,6214331644.444445,268.353221940,23157283.521755
0.509066667,a-r0,1,1877.427948792,0.338375217707,0,QPSK 1/4,2048126311.111111,2048126311.111111,130.379077298,15709010.629246
0.509066667,a-r0,2,1877.427948792,0.542498508053,0,QPSK 2/5,3297987911.111111,1648993955.555555,160.777293596,20512771.656705
0.509066667,a-r0,4,1877.427948792,1.470274916838,0,QPSK 3/4,6214331644.444445,1553582911.111111,254.223638621,24444350.171952
0.509066667,b0,1,1877.427948792,1.650000000000,1,QPSK 3/4,6214331644.444445,6214331644.444445,268.353221940,23157283.521755
0.511833333,a-r0,1,1876.130363256,0.338609247707,0,QPSK 1/4,2048126311.111111,2048126311.111111,130.418561099,15704254.776732
0.511833333,a-r0,2,1876.130363256,0.542873715571,0,QPSK 2/5,3297987911.111111,1648993955.555555,160.827287718,20506395.139195
0.511833333,a-r0,4,1876.130363256,1.471291801114,0,QPSK 3/4,6214331644.444445,1553582911.111111,254.305942243,24436438.997943
0.511833333,b0,1,1876.130363256,1.650000000000,1,QPSK 3/4,6214331644.444445,6214331644.444445,268.353221940,23157283.521755
0.514600000,a-r0,1,1874.826563461,0.338844724777,0,QPSK 1/4,2048126311.111111,2048126311.111111,130.458275269,15699474.079981
0.514600000,a-r0,2,1874.826563461,0.543251243100,0,QPSK 2/5,3297987911.111111,1648993955.555555,160.877573533,20499985.415468
0.514600000,a-r0,4,1874.826563461,1.472314973063,0,QPSK 3/4,6214331644.444445,1553582911.111111,254.388726070,24428486.829793
0.514600000,b0,1,1874.826563461,1.650000000000,1,QPSK 3/4,6214331644.444445,6214331644.444445,268.353221940,23157283.521755
0.517366667,a-r0,1,1873.516562211,0.339081651967,0,QPSK 1/4,2048126311.111111,2048126311.111111,130.498220084,15694668.554097
0.517366667,a-r0,2,1873.516562211,0.543631095524,0,QPSK 2/5,3297987911.111111,1648993955.555555,160.928151388,20493542.507402
0.517366667,a-r0,4,1873.516562211,1.473344445924,0,QPSK 3/4,6214331644.444445,1553582911.111111,254.471990671,24420493.697812
0.517366667,b0,1,1873.516562211,1.650000000000,1,QPSK 3/4,6214331644.444445,6214331644.444445,268.353221940,23157283.521755
0.520133333,a-r0,1,1872.200372365,0.339320032342,0,QPSK 1/4,2048126311.111111,2048126311.111111,130.538395817,15689838.214266
0.520133333,a-r0,2,1872.200372365,0.544013277761,0,QPSK 2/5,3297987911.111111,1648993955.555555,160.979021631,20487066.436990
0.520133333,a-r0,4,1872.200372365,1.474380233026,0,QPSK 3/4,6214331644.444445,1553582911.111111,254.555736620,24412459.632468
0.520133333,b0,1,1872.200372365,1.650000000000,1,QPSK 3/4,6214331644.444445,6214331644.444445,268.353221940,23157283.521755
0.522900000,a-r0,1,1870.878006840,0.339559868991,0,QPSK 1/4,2048126311.111111,2048126311.111111,130.578802745,15684983.075754
0.522900000,a-r0,2,1870.878006840,0.544397794764,0,QPSK 2/5,3297987911.111111,1648993955.555555,161.030184612,20480557.226341
0.522900000,a-r0,4,1870.878006840,1.475422347789,0,QPSK 3/4,6214331644.444445,1553582911.111111,254.639964494,24404384.664385
0.522900000,b0,1,1870.878006840,1.650000000000,1,QPSK 3/4,6214331644.444445,6214331644.444445,268.353221940,23157283.521755
0.525666667,a-r0,1,1869.549478608,0.339801165024,0,QPSK 1/4,2048126311.111111,2048126311.111111,130.619441148,15680103.153907
0.525666667,a-r0,2,1869.549478608,0.544784651516,0,QPSK 2/5,3297987911.111111,1648993955.555555,161.081640684,20474014.897678
0.525666667,a-r0,4,1869.549478608,1.476470803722,0,QPSK 3/4,6214331644.444445,1553582911.111111,254.724674875,24396268.824343
0.525666667,b0,1,1869.549478608,1.650000000000,1,QPSK 3/4,6214331644.444445,6214331644.444445,268.353221940,23157283.521755
0.528433333,a-r0,1,1868.214800698,0.340043923570,0,QPSK 1/4,2048126311.111111,2048126311.111111,130.660311306,15675198.464153
0.528433333,a-r0,2,1868.214800698,0.545173853036,0,QPSK 2/5,3297987911.111111,1648993955.555555,161.133390203,20467439.473340
0.528433333,a-r0,4,1868.214800698,1.477525614425,0,QPSK 3/4,6214331644.444445,1553582911.111111,254.809868346,24388112.143279
0.528433333,b0,1,1868.214800698,1.650000000000,1,QPSK 3/4,6214331644.444445,6214331644.444445,268.353221940,23157283.521755
0.531200000,a-r0,1,1866.873986193,0.340288147781,0,QPSK 1/4,2048126311.111111,2048126311.111111,130.701413501,15670269.022000
0.531200000,a-r0,2,1866.873986193,0.545565404376,0,QPSK 2/5,3297987911.111111,1648993955.555555,161.185433525,20460830.975782
0.531200000,a-r0,4,1866.873986193,1.478586793589,0,QPSK 3/4,6214331644.444445,1553582911.111111,254.895545496,24379914.652284
0.531200000,b0,1,1866.873986193,1.650000000000,1,QPSK 3/4,6214331644.444445,6214331644.444445,268.353221940,23157283.521755
0.533966667,a-r0,1,1865.527048232,0.340533840827,0,QPSK 1/4,2048126311.111111,2048126311.111111,130.742748016,15665314.843036
0.533966667,a-r0,2,1865.527048232,0.545959310620,0,QPSK 2/5,3297987911.111111,1648993955.555555,161.237771010,20454189.427572
0.533966667,a-r0,4,1865.527048232,1.479654354996,0,QPSK 3/4,6214331644.444445,1553582911.111111,254.981706916,24371676.382608
0.533966667,b0,1,1865.527048232,1.650000000000,1,QPSK 3/4,6214331644.444445,6214331644.444445,268.353221940,23157283.521755
0.536733333,a-r0,1,1864.174000011,0.340781005903,0,QPSK 1/4,2048126311.111111,2048126311.111111,130.784315137,15660335.942932
0.536733333,a-r0,2,1864.174000011,0.546355576888,0,QPSK 2/5,3297987911.111111,1648993955.555555,161.290403019,20447514.851396
0.536733333,a-r0,4,1864.174000011,1.480728312520,0,QPSK 3/4,6214331644.444445,1553582911.111111,255.068353201,24363397.365655
0.536733333,b0,1,1864.174000011,1.650000000000,1,QPSK 3/4,6214331644.444445,6214331644.444445,268.353221940,23157283.521755
0.539500000,a-r0,1,1862.814854779,0.341029646221,0,QPSK 1/4,2048126311.111111,2048126311.111111,130.826115151,15655332.337438
0.539500000,a-r0,2,1862.814854779,0.546754208333,0,QPSK 2/5,3297987911.111111,1648993955.555555,161.343329915,20440807.270052
0.539500000,a-r0,4,1862.814854779,1.481808680126,0,QPSK 3/4,6214331644.444445,1553582911.111111,255.155484950,24355077.632984
0.539500000,b0,1,1862.814854779,1.650000000000,1,QPSK 3/4,6214331644.444445,6214331644.444445,268.353221940,23157283.521755
0.542266667,a-r0,1,1861.449625842,0.341279765019,0,QPSK 1/4,2048126311.111111,2048126311.111111,130.868148348,15650304.042384
0.542266667,a-r0,2,1861.449625842,0.547155210142,0,QPSK 2/5,3297987911.111111,1648993955.555555,161.396552066,20434066.706455
0.542266667,a-r0,4,1861.449625842,1.482895471872,0,QPSK 3/4,6214331644.444445,1553582911.111111,255.243102765,24346717.216310
0.542266667,b0,1,1861.449625842,1.650000000000,1,QPSK 3/4,6214331644.444445,6214331644.444445,268.353221940,23157283.521755
0.545033333,a-r0,1,1860.078326559,0.341531365551,0,QPSK 1/4,2048126311.111111,2048126311.111111,130.910415018,15645251.073683
0.545033333,a-r0,2,1860.078326559,0.547558587535,0,QPSK 2/5,3297987911.111111,1648993955.555555,161.450069839,20427293.183635
0.545033333,a-r0,4,1860.078326559,1.483988701909,0,QPSK 3/4,6214331644.444445,1553582911.111111,255.331207253,24338316.147506
0.545033333,b0,1,1860.078326559,1.650000000000,1,QPSK 3/4,6214331644.444445,6214331644.444445,268.353221940,23157283.521755
0.547800000,a-r0,1,1858.700970345,0.341784451096,0,QPSK 1/4,2048126311.111111,2048126311.111111,130.952915453,15640173.447326
0.547800000,a-r0,2,1858.700970345,0.547964345769,0,QPSK 2/5,3297987911.111111,1648993955.555555,161.503883603,20420486.724736
0.547800000,a-r0,4,1858.700970345,1.485088384479,0,QPSK 3/4,6214331644.444445,1553582911.111111,255.419799022,24329874.458597
0.547800000,b0,1,1858.700970345,1.650000000000,1,QPSK 3/4,6214331644.444445,6214331644.444445,268.353221940,23157283.521755
0.550566667,a-r0,1,1857.317570668,0.342039024954,0,QPSK 1/4,2048126311.111111,2048126311.111111,130.995649947,15635071.179387
0.550566667,a-r0,2,1857.317570668,0.548372490134,0,QPSK 2/5,3297987911.111111,1648993955.555555,161.557993732,20413647.353017
0.550566667,a-r0,4,1857.317570668,1.486194533920,0,QPSK 3/4,6214331644.444445,1553582911.111111,255.508878686,24321392.181766
0.550566667,b0,1,1857.317570668,1.650000000000,1,QPSK 3/4,6214331644.444445,6214331644.444445,268.353221940,23157283.521755
0.553333333,a-r0,1,1855.928141051,0.342295090446,0,QPSK 1/4,2048126311.111111,2048126311.111111,131.038618797,15629944.286019
0.553333333,a-r0,2,1855.928141051,0.548783025953,0,QPSK 2/5,3297987911.111111,1648993955.555555,161.612400601,20406775.091851
0.553333333,a-r0,4,1855.928141051,1.487307164660,0,QPSK 3/4,6214331644.444445,1553582911.111111,255.598446862,24312869.349347
0.553333333,b0,1,1855.928141051,1.650000000000,1,QPSK 3/4,6214331644.444445,6214331644.444445,268.353221940,23157283.521755
0.556100000,a-r0,1,1854.532695070,0.342552650913,0,QPSK 1/4,2048126311.111111,2048126311.111111,131.081822300,15624792.783457
0.556100000,a-r0,2,1854.532695070,0.549195958585,0,QPSK 2/5,3297987911.111111,1648993955.555555,161.667104585,20399869.964729
0.556100000,a-r0,4,1854.532695070,1.488426291226,0,QPSK 3/4,6214331644.444445,1553582911.111111,255.688504170,24304305.993835
0.556100000,b0,1,1854.532695070,1.650000000000,1,QPSK 3/4,6214331644.444445,6214331644.444445,268.353221940,23157283.521755
0.558866667,a-r0,1,1853.131246356,0.342811709721,0,QPSK 1/4,2048126311.111111,2048126311.111111,131.125260755,15619616.688014
0.558866667,a-r0,2,1853.131246356,0.549611293425,0,QPSK 2/5,3297987911.111111,1648993955.555555,161.722106065,20392931.995253
0.558866667,a-r0,4,1853.131246356,1.489551928233,0,QPSK 3/4,6214331644.444445,1553582911.111111,255.779051234,24295702.147874
0.558866667,b0,1,1853.131246356,1.650000000000,1,QPSK 3/4,6214331644.444445,6214331644.444445,268.353221940,23157283.521755
0.561633333,a-r0,1,1851.723808594,0.343072270256,0,QPSK 1/4,2048126311.111111,2048126311.111111,131.168934464,15614416.016088
0.561633333,a-r0,2,1851.723808594,0.550029035901,0,QPSK 2/5,3297987911.111111,1648993955.555555,161.777405421,20385961.207142
0.561633333,a-r0,4,1851.723808594,1.490684090397,0,QPSK 3/4,6214331644.444445,1553582911.111111,255.870088682,24287057.844267
0.561633333,b0,1,1851.723808594,1.650000000000,1,QPSK 3/4,6214331644.444445,6214331644.444445,268.353221940,23157283.521755
0.564400000,a-r0,1,1850.310395520,0.343334335925,0,QPSK 1/4,2048126311.111111,2048126311.111111,131.212843730,15609190.784153
0.564400000,a-r0,2,1850.310395520,0.550449191477,0,QPSK 2/5,3297987911.111111,1648993955.555555,161.833003038,20378957.624228
0.564400000,a-r0,4,1850.310395520,1.491822792523,0,QPSK 3/4,6214331644.444445,1553582911.111111,255.961617146,24278373.115969
0.564400000,b0,1,1850.310395520,1.650000000000,1,QPSK 3/4,6214331644.444445,6214331644.444445,268.353221940,23157283.521755
0.567166667,a-r0,1,1848.891020925,0.343597910159,0,QPSK 1/4,2048126311.111111,2048126311.111111,131.256988857,15603941.008765
0.567166667,a-r0,2,1848.891020925,0.550871765653,0,QPSK 2/5,3297987911.111111,1648993955.555555,161.888899301,20371921.270459
0.567166667,a-r0,4,1848.891020925,1.492968049517,0,QPSK 3/4,6214331644.444445,1553582911.111111,256.053637261,24269647.996092
0.567166667,b0,1,1848.891020925,1.650000000000,1,QPSK 3/4,6214331644.444445,6214331644.444445,268.353221940,23157283.521755
0.569933333,a-r0,1,1847.465698653,0.343862996409,0,QPSK 1/4,2048126311.111111,2048126311.111111,131.301370152,15598666.706563
0.569933333,a-r0,2,1847.465698653,0.551296763961,0,QPSK 2/5,3297987911.111111,1648993955.555555,161.945094597,20364852.169896
0.569933333,a-r0,4,1847.465698653,1.494119876376,0,QPSK 3/4,6214331644.444445,1553582911.111111,256.146149665,24260882.517899
0.569933333,b0,1,1847.465698653,1.650000000000,1,QPSK 3/4,6214331644.444445,6214331644.444445,268.353221940,23157283.521755
0.572700000,a-r0,1,1846.034442599,0.344129598149,0,QPSK 1/4,2048126311.111111,2048126311.111111,131.345987923,15593367.894264
0.572700000,a-r0,2,1846.034442599,0.551724191973,0,QPSK 2/5,3297987911.111111,1648993955.555555,162.001589318,20357750.346717
0.572700000,a-r0,4,1846.034442599,1.495278288196,0,QPSK 3/4,6214331644.444445,1553582911.111111,256.239155002,24252076.714811
0.572700000,b0,1,1846.034442599,1.650000000000,1,QPSK 3/4,6214331644.444445,6214331644.444445,268.353221940,23157283.521755
0.575466667,a-r0,1,1844.597266712,0.344397718876,0,QPSK 1/4,2048126311.111111,2048126311.111111,131.390842479,15588044.588665
0.575466667,a-r0,2,1844.597266712,0.552154055292,0,QPSK 2/5,3297987911.111111,1648993955.555555,162.058383856,20350615.825212
0.575466667,a-r0,4,1844.597266712,1.496443300168,0,QPSK 3/4,6214331644.444445,1553582911.111111,256.332653917,24243230.620400
0.575466667,b0,1,1844.597266712,1.650000000000,1,QPSK 3/4,6214331644.444445,6214331644.444445,268.353221940,23157283.521755
0.578233333,a-r0,1,1843.154184994,0.344667362109,0,QPSK 1/4,2048126311.111111,2048126311.111111,131.435934134,15582696.806645
0.578233333,a-r0,2,1843.154184994,0.552586359561,0,QPSK 2/5,3297987911.111111,1648993955.555555,162.115478606,20343448.629785
0.578233333,a-r0,4,1843.154184994,1.497614927580,0,QPSK 3/4,6214331644.444445,1553582911.111111,256.426647060,24234344.268394
0.578233333,b0,1,1843.154184994,1.650000000000,1,QPSK 3/4,6214331644.444445,6214331644.444445,268.353221940,23157283.521755
0.581000000,a-r0,1,1841.705211498,0.344938531387,0,QPSK 1/4,2048126311.111111,2048126311.111111,131.481263200,15577324.565164
0.581000000,a-r0,2,1841.705211498,0.553021110457,0,QPSK 2/5,3297987911.111111,1648993955.555555,162.172873964,20336248.784958
0.581000000,a-r0,4,1841.705211498,1.498793185819,0,QPSK 3/4,6214331644.444445,1553582911.111111,256.521135085,24225417.692675
0.581000000,b0,1,1841.705211498,1.650000000000,1,QPSK 3/4,6214331644.444445,6214331644.444445,268.353221940,23157283.521755
0.583766667,a-r0,1,1840.250360328,0.345211230274,0,QPSK 1/4,2048126311.111111,2048126311.111111,131.526829994,15571927.881261
0.583766667,a-r0,2,1840.250360328,0.553458313691,0,QPSK 2/5,3297987911.111111,1648993955.555555,162.230570331,20329016.315363
0.583766667,a-r0,4,1840.250360328,1.499978090366,0,QPSK 3/4,6214331644.444445,1553582911.111111,256.616118650,24216450.927277
0.583766667,b0,1,1840.250360328,1.650000000000,1,QPSK 3/4,6214331644.444445,6214331644.444445,268.353221940,23157283.521755
0.586533333,a-r0,1,1838.789645641,0.345485462357,0,QPSK 1/4,2048126311.111111,2048126311.111111,131.572634831,15566506.772056
0.586533333,a-r0,2,1838.789645641,0.553897975013,0,QPSK 2/5,3297987911.111111,1648993955.555555,162.288568108,20321751.245749
0.586533333,a-r0,4,1838.789645641,1.501169656803,0,QPSK 3/4,6214331644.444445,1553582911.111111,256.711598416,24207444.006389
0.586533333,b0,1,1838.789645641,1.650000000000,1,QPSK 3/4,6214331644.444445,6214331644.444445,268.353221940,23157283.521755
0.589300000,a-r0,1,1837.323081646,0.345761231243,0,QPSK 1/4,2048126311.111111,2048126311.111111,131.618678031,15561061.254748
0.589300000,a-r0,2,1837.323081646,0.554340100209,0,QPSK 2/5,3297987911.111111,1648993955.555555,162.346867698,20314453.600977
0.589300000,a-r0,4,1837.323081646,1.502367900809,0,QPSK 3/4,6214331644.444445,1553582911.111111,256.807575047,24198396.964353
0.589300000,b0,1,1837.323081646,1.650000000000,1,QPSK 3/4,6214331644.444445,6214331644.444445,268.353221940,23157283.521755
0.592066667,a-r0,1,1835.850682601,0.346038540564,0,QPSK 1/4,2048126311.111111,2048126311.111111,131.664959915,15555591.346620
0.592066667,a-r0,2,1835.850682601,0.554784695100,0,QPSK 2/5,3297987911.111111,1648993955.555555,162.405469508,20307123.406025
0.592066667,a-r0,4,1835.850682601,1.503572838162,0,QPSK 3/4,6214331644.444445,1553582911.111111,256.904049213,24189309.835665
0.592066667,b0,1,1835.850682601,1.650000000000,1,QPSK 3/4,6214331644.444445,6214331644.444445,268.353221940,23157283.521755
0.594833333,a-r0,1,1834.372462818,0.346317393974,0,QPSK 1/4,2048126311.111111,2048126311.111111,131.711480806,15550097.065032
0.594833333,a-r0,2,1834.372462818,0.555231765544,0,QPSK 2/5,3297987911.111111,1648993955.555555,162.464373946,20299760.685981
0.594833333,a-r0,4,1834.372462818,1.504784484738,0,QPSK 3/4,6214331644.444445,1553582911.111111,257.001021585,24180182.654974
0.594833333,b0,1,1834.372462818,1.650000000000,1,QPSK 3/4,6214331644.444445,6214331644.444445,268.353221940,23157283.521755
0.597600000,a-r0,1,1832.888436658,0.346597795150,0,QPSK 1/4,2048126311.111111,2048126311.111111,131.758241027,15544578.427426
0.597600000,a-r0,2,1832.888436658,0.555681317437,0,QPSK 2/5,3297987911.111111,1648993955.555555,162.523581424,20292365.466052
0.597600000,a-r0,4,1832.888436658,1.506002856515,0,QPSK 3/4,6214331644.444445,1553582911.111111,257.098492841,24171015.457082
0.597600000,b0,1,1832.888436658,1.650000000000,1,QPSK 3/4,6214331644.444445,6214331644.444445,268.353221940,23157283.521755
0.600366667,a-r0,1,1831.398618532,0.346879747791,0,QPSK 1/4,2048126311.111111,2048126311.111111,131.805240906,15539035.451323
0.600366667,a-r0,2,1831.398618532,0.556133356709,0,QPSK 2/5,3297987911.111111,1648993955.555555,162.583092354,20284937.771555
0.600366667,a-r0,4,1831.398618532,1.507227969568,0,QPSK 3/4,6214331644.444445,1553582911.111111,257.196463659,24161808.276943
0.600366667,b0,1,1831.398618532,1.650000000000,1,QPSK 3/4,6214331644.444445,6214331644.444445,268.353221940,23157283.521755
0.603133333,a-r0,1,1829.903022903,0.347163255621,0,QPSK 1/4,2048126311.111111,2048126311.111111,131.852480770,15533468.154327
0.603133333,a-r0,2,1829.903022903,0.556587889330,0,QPSK 2/5,3297987911.111111,1648993955.555555,162.642907152,20277477.627923
0.603133333,a-r0,4,1829.903022903,1.508459840074,0,QPSK 3/4,6214331644.444445,1553582911.111111,257.294934725,24152561.149666
0.603133333,b0,1,1829.903022903,1.650000000000,1,QPSK 3/4,6214331644.444445,6214331644.444445,268.353221940,23157283.521755
0.605900000,a-r0,1,1828.401664285,0.347448322385,0,QPSK 1/4,2048126311.111111,2048126311.111111,131.899960949,15527876.554119
0.605900000,a-r0,2,1828.401664285,0.557044921305,0,QPSK 2/5,3297987911.111111,1648993955.555555,162.703026235,20269985.060701
0.605900000,a-r0,4,1828.401664285,1.509698484309,0,QPSK 3/4,6214331644.444445,1553582911.111111,257.393906725,24143274.110511
0.605900000,b0,1,1828.401664285,1.650000000000,1,QPSK 3/4,6214331644.444445,6214331644.444445,268.353221940,23157283.521755
0.608666667,a-r0,1,1826.894557238,0.347734951853,0,QPSK 1/4,2048126311.111111,2048126311.111111,131.947681775,15522260.668463
0.608666667,a-r0,2,1826.894557238,0.557504458679,0,QPSK 2/5,3297987911.111111,1648993955.555555,162.763450023,20262460.095550
0.608666667,a-r0,4,1826.894557238,1.510943918653,0,QPSK 3/4,6214331644.444445,1553582911.111111,257.493380352,24133947.194891
0.608666667,b0,1,1826.894557238,1.650000000000,1,QPSK 3/4,6214331644.444445,6214331644.444445,268.353221940,23157283.521755
0.611433333,a-r0,1,1825.381716377,0.348023147817,0,QPSK 1/4,2048126311.111111,2048126311.111111,131.995643581,15516620.515201
0.611433333,a-r0,2,1825.381716377,0.557966507530,0,QPSK 2/5,3297987911.111111,1648993955.555555,162.824178940,20254902.758243
0.611433333,a-r0,4,1825.381716377,1.512196159584,0,QPSK 3/4,6214331644.444445,1553582911.111111,257.593356300,24124580.438372
0.611433333,b0,1,1825.381716377,1.650000000000,1,QPSK 3/4,6214331644.444445,6214331644.444445,268.353221940,23157283.521755
0.614200000,a-r0,1,1823.863156362,0.348312914094,0,QPSK 1/4,2048126311.111111,2048126311.111111,132.043846703,15510956.112258
0.614200000,a-r0,2,1823.863156362,0.558431073978,0,QPSK 2/5,3297987911.111111,1648993955.555555,162.885213408,20247313.074667
0.614200000,a-r0,4,1823.863156362,1.513455223683,0,QPSK 3/4,6214331644.444445,1553582911.111111,257.693835268,24115173.876672
0.614200000,b0,1,1823.863156362,1.650000000000,1,QPSK 3/4,6214331644.444445,6214331644.444445,268.353221940,23157283.521755
0.616966667,a-r0,1,1822.338891905,0.348604254523,0,QPSK 1/4,2048126311.111111,2048126311.111111,132.092291479,15505267.477637
0.616966667,a-r0,2,1822.338891905,0.558898164178,0,QPSK 2/5,3297987911.111111,1648993955.555555,162.946553857,20239691.070825
0.616966667,a-r0,4,1822.338891905,1.514721127635,0,QPSK 3/4,6214331644.444445,1553582911.111111,257.794817961,24105727.545662
0.616966667,b0,1,1822.338891905,1.650000000000,1,QPSK 3/4,6214331644.444445,6214331644.444445,268.353221940,23157283.521755
0.619733333,a-r0,1,1820.808937766,0.348897172968,0,QPSK 1/4,2048126311.111111,2048126311.111111,132.140978246,15499554.629422
0.619733333,a-r0,2,1820.808937766,0.559367784324,0,QPSK 2/5,3297987911.111111,1648993955.555555,163.008200714,20232036.772829
0.619733333,a-r0,4,1820.808937766,1.515993888226,0,QPSK 3/4,6214331644.444445,1553582911.111111,257.896305084,24096241.481363
0.619733333,b0,1,1820.808937766,1.650000000000,1,QPSK 3/4,6214331644.444445,6214331644.444445,268.353221940,23157283.521755
0.622500000,a-r0,1,1819.273308754,0.349191673315,0,QPSK 1/4,2048126311.111111,2048126311.111111,132.189907347,15493817.585778
0.622500000,a-r0,2,1819.273308754,0.559839940648,0,QPSK 2/5,3297987911.111111,1648993955.555555,163.070154411,20224350.206909
0.622500000,a-r0,4,1819.273308754,1.517273522343,0,QPSK 3/4,6214331644.444445,1553582911.111111,257.998297348,24086715.719949
0.622500000,b0,1,1819.273308754,1.650000000000,1,QPSK 3/4,6214331644.444445,6214331644.444445,268.353221940,23157283.521755
0.625266667,a-r0,1,1817.732019729,0.349487759475,0,QPSK 1/4,2048126311.111111,2048126311.111111,132.239079123,15488056.364948
0.625266667,a-r0,2,1817.732019729,0.560314639420,0,QPSK 2/5,3297987911.111111,1648993955.555555,163.132415384,20216631.399406
0.625266667,a-r0,4,1817.732019729,1.518560046982,0,QPSK 3/4,6214331644.444445,1553582911.111111,258.100795468,24077150.297748
0.625266667,b0,1,1817.732019729,1.650000000000,1,QPSK 3/4,6214331644.444445,6214331644.444445,268.353221940,23157283.521755
0.628033333,a-r0,1,1816.185085595,0.349785435383,0,QPSK 1/4,2048126311.111111,2048126311.111111,132.288493921,15482270.985258
0.628033333,a-r0,2,1816.185085595,0.560791886947,0,QPSK 2/5,3297987911.111111,1648993955.555555,163.194984068,20208880.376775
0.628033333,a-r0,4,1816.185085595,1.519853479237,0,QPSK 3/4,6214331644.444445,1553582911.111111,258.203800162,24067545.251235
0.628033333,b0,1,1816.185085595,1.650000000000,1,QPSK 3/4,6214331644.444445,6214331644.444445,268.353221940,23157283.521755
0.630800000,a-r0,1,1814.632521308,0.350084704998,0,QPSK 1/4,2048126311.111111,2048126311.111111,132.338152085,15476461.465112
0.630800000,a-r0,2,1814.632521308,0.561271689577,0,QPSK 2/5,3297987911.111111,1648993955.555555,163.257860901,20201097.165584
0.630800000,a-r0,4,1814.632521308,1.521153836309,0,QPSK 3/4,6214331644.444445,1553582911.111111,258.307312154,24057900.617041
0.630800000,b0,1,1814.632521308,1.650000000000,1,QPSK 3/4,6214331644.444445,6214331644.444445,268.353221940,23157283.521755
0.633566667,a-r0,1,1813.074341870,0.350385572302,0,QPSK 1/4,2048126311.111111,2048126311.111111,132.388053966,15470627.822995
0.633566667,a-r0,2,1813.074341870,0.561754053695,0,QPSK 2/5,3297987911.111111,1648993955.555555,163.321046326,20193281.792515
0.633566667,a-r0,4,1813.074341870,1.522461135505,0,QPSK 3/4,6214331644.444445,1553582911.111111,258.411332168,24048216.431946
0.633566667,b0,1,1813.074341870,1.650000000000,1,QPSK 3/4,6214331644.444445,6214331644.444445,268.353221940,23157283.521755
0.636333333,a-r0,1,1811.510562333,0.350688041302,0,QPSK 1/4,2048126311.111111,2048126311.111111,132.438199912,15464770.077472
0.636333333,a-r0,2,1811.510562333,0.562238985725,0,QPSK 2/5,3297987911.111111,1648993955.555555,163.384540786,20185434.284363
0.636333333,a-r0,4,1811.510562333,1.523775394235,0,QPSK 3/4,6214331644.444445,1553582911.111111,258.515860936,24038492.732882
0.636333333,b0,1,1811.510562333,1.650000000000,1,QPSK 3/4,6214331644.444445,6214331644.444445,268.353221940,23157283.521755
0.639100000,a-r0,1,1809.941197793,0.350992116029,0,QPSK 1/4,2048126311.111111,2048126311.111111,132.488590276,15458888.247189
0.639100000,a-r0,2,1809.941197793,0.562726492130,0,QPSK 2/5,3297987911.111111,1648993955.555555,163.448344726,20177554.668036
0.639100000,a-r0,4,1809.941197793,1.525096630015,0,QPSK 3/4,6214331644.444445,1553582911.111111,258.620899192,24028729.556931
0.639100000,b0,1,1809.941197793,1.650000000000,1,QPSK 3/4,6214331644.444445,6214331644.444445,268.353221940,23157283.521755
0.641866667,a-r0,1,1808.366263396,0.351297800540,0,QPSK 1/4,2048126311.111111,2048126311.111111,132.539225413,15452982.350870
0.641866667,a-r0,2,1808.366263396,0.563216579413,0,QPSK 2/5,3297987911.111111,1648993955.555555,163.512458596,20169642.970555
0.641866667,a-r0,4,1808.366263396,1.526424860468,0,QPSK 3/4,6214331644.444445,1553582911.111111,258.726447673,24018926.941328
0.641866667,b0,1,1808.366263396,1.650000000000,1,QPSK 3/4,6214331644.444445,6214331644.444445,268.353221940,23157283.521755
0.644633333,a-r0,1,1806.785774336,0.351605098914,0,QPSK 1/4,2048126311.111111,2048126311.111111,132.590105679,15447052.407322
0.644633333,a-r0,2,1806.785774336,0.563709254115,0,QPSK 2/5,3297987911.111111,1648993955.555555,163.576882845,20161699.219055
0.644633333,a-r0,4,1806.785774336,1.527760103322,0,QPSK 3/4,6214331644.444445,1553582911.111111,258.832507122,24009084.923458
0.644633333,b0,1,1806.785774336,1.650000000000,1,QPSK 3/4,6214331644.444445,6214331644.444445,268.353221940,23157283.521755
0.647400000,a-r0,1,1805.199745851,0.351914015256,0,QPSK 1/4,2048126311.111111,2048126311.111111,132.641231430,15441098.435429
0.647400000,a-r0,2,1805.199745851,0.564204522816,0,QPSK 2/5,3297987911.111111,1648993955.555555,163.641617927,20153723.440782
0.647400000,a-r0,4,1805.199745851,1.529102376412,0,QPSK 3/4,6214331644.444445,1553582911.111111,258.939078285,23999203.540855
0.647400000,b0,1,1805.199745851,1.650000000000,1,QPSK 3/4,6214331644.444445,6214331644.444445,268.353221940,23157283.521755
0.650166667,a-r0,1,1803.608193228,0.352224553696,0,QPSK 1/4,2048126311.111111,2048126311.111111,132.692603028,15435120.454157
0.650166667,a-r0,2,1803.608193228,0.564702392138,0,QPSK 2/5,3297987911.111111,1648993955.555555,163.706664298,20145715.663098
0.650166667,a-r0,4,1803.608193228,1.530451697682,0,QPSK 3/4,6214331644.444445,1553582911.111111,259.046161912,23989282.831205
0.650166667,b0,1,1803.608193228,1.650000000000,1,QPSK 3/4,6214331644.444445,6214331644.444445,268.353221940,23157283.521755
0.652933333,a-r0,1,1802.011131799,0.352536718387,0,QPSK 1/4,2048126311.111111,2048126311.111111,132.744220833,15429118.482551
0.652933333,a-r0,2,1802.011131799,0.565202868741,0,QPSK 2/5,3297987911.111111,1648993955.555555,163.772022416,20137675.913474
0.652933333,a-r0,4,1802.011131799,1.531808085183,0,QPSK 3/4,6214331644.444445,1553582911.111111,259.153758757,23979322.832346
0.652933333,b0,1,1802.011131799,1.650000000000,1,QPSK 3/4,6214331644.444445,6214331644.444445,268.353221940,23157283.521755
0.655700000,a-r0,1,1800.408576943,0.352850513510,0,QPSK 1/4,2048126311.111111,2048126311.111111,132.796085210,15423092.539738
0.655700000,a-r0,2,1800.408576943,0.565705959325,0,QPSK 2/5,3297987911.111111,1648993955.555555,163.837692741,20129604.219498
0.655700000,a-r0,4,1800.408576943,1.533171557073,0,QPSK 3/4,6214331644.444445,1553582911.111111,259.261869577,23969323.582263
0.655700000,b0,1,1800.408576943,1.650000000000,1,QPSK 3/4,6214331644.444445,6214331644.444445,268.353221940,23157283.521755
0.658466667,a-r0,1,1798.800544086,0.353165943267,0,QPSK 1/4,2048126311.111111,2048126311.111111,132.848196524,15417042.644921
0.658466667,a-r0,2,1798.800544086,0.566211670630,0,QPSK 2/5,3297987911.111111,1648993955.555555,163.903675736,20121500.608868
0.658466667,a-r0,4,1798.800544086,1.534542131620,0,QPSK 3/4,6214331644.444445,1553582911.111111,259.370495136,23959285.119093
0.658466667,b0,1,1798.800544086,1.650000000000,1,QPSK 3/4,6214331644.444445,6214331644.444445,268.353221940,23157283.521755
0.661233333,a-r0,1,1797.187048697,0.353483011889,0,QPSK 1/4,2048126311.111111,2048126311.111111,132.900555142,15410968.817387
0.661233333,a-r0,2,1797.187048697,0.566720009436,0,QPSK 2/5,3297987911.111111,1648993955.555555,163.969971866,20113365.109394
0.661233333,a-r0,4,1797.187048697,1.535919827200,0,QPSK 3/4,6214331644.444445,1553582911.111111,259.479636199,23949207.481123
0.661233333,b0,1,1797.187048697,1.650000000000,1,QPSK 3/4,6214331644.444445,6214331644.444445,268.353221940,23157283.521755
0.664000000,a-r0,1,1795.568106293,0.353801723630,0,QPSK 1/4,2048126311.111111,2048126311.111111,132.953161434,15404871.076501
0.664000000,a-r0,2,1795.568106293,0.567230982566,0,QPSK 2/5,3297987911.111111,1648993955.555555,164.036581599,20105197.749003
0.664000000,a-r0,4,1795.568106293,1.537304662299,0,QPSK 3/4,6214331644.444445,1553582911.111111,259.589293535,23939090.706789
0.664000000,b0,1,1795.568106293,1.650000000000,1,QPSK 3/4,6214331644.444445,6214331644.444445,268.353221940,23157283.521755
0.666766667,a-r0,1,1793.943732435,0.354122082770,0,QPSK 1/4,2048126311.111111,2048126311.111111,133.006015772,15398749.441708
0.666766667,a-r0,2,1793.943732435,0.567744596880,0,QPSK 2/5,3297987911.111111,1648993955.555555,164.103505405,20096998.555729
0.666766667,a-r0,4,1793.943732435,1.538696655514,0,QPSK 3/4,6214331644.444445,1553582911.111111,259.699467919,23928934.834677
0.666766667,b0,1,1793.943732435,1.650000000000,1,QPSK 3/4,6214331644.444445,6214331644.444445,268.353221940,23157283.521755
0.669533333,a-r0,1,1792.313942731,0.354444093613,0,QPSK 1/4,2048126311.111111,2048126311.111111,133.059118528,15392603.932534
0.669533333,a-r0,2,1792.313942731,0.568260859280,0,QPSK 2/5,3297987911.111111,1648993955.555555,164.170743757,20088767.557722
0.669533333,a-r0,4,1792.313942731,1.540095825552,0,QPSK 3/4,6214331644.444445,1553582911.111111,259.810160130,23918739.903524
0.669533333,b0,1,1792.313942731,1.650000000000,1,QPSK 3/4,6214331644.444445,6214331644.444445,268.353221940,23157283.521755
0.672300000,a-r0,1,1790.678752831,0.354767760491,0,QPSK 1/4,2048126311.111111,2048126311.111111,133.112470078,15386434.568582
0.672300000,a-r0,2,1790.678752831,0.568779776711,0,QPSK 2/5,3297987911.111111,1648993955.555555,164.238297130,20080504.783245
0.672300000,a-r0,4,1790.678752831,1.541502191230,0,QPSK 3/4,6214331644.444445,1553582911.111111,259.921370949,23908505.952213
0.672300000,b0,1,1790.678752831,1.650000000000,1,QPSK 3/4,6214331644.444445,6214331644.444445,268.353221940,23157283.521755
0.675066667,a-r0,1,1789.038178433,0.355093087761,0,QPSK 1/4,2048126311.111111,2048126311.111111,133.166070798,15380241.369539
0.675066667,a-r0,2,1789.038178433,0.569301356156,0,QPSK 2/5,3297987911.111111,1648993955.555555,164.306166002,20072210.260670
0.675066667,a-r0,4,1789.038178433,1.542915771478,0,QPSK 3/4,6214331644.444445,1553582911.111111,260.033101163,23898233.019780
0.675066667,b0,1,1789.038178433,1.650000000000,1,QPSK 3/4,6214331644.444445,6214331644.444445,268.353221940,23157283.521755
0.677833333,a-r0,1,1787.392235275,0.355420079803,0,QPSK 1/4,2048126311.111111,2048126311.111111,133.219921069,15374024.355169
0.677833333,a-r0,2,1787.392235275,0.569825604641,0,QPSK 2/5,3297987911.111111,1648993955.555555,164.374350852,20063884.018485
0.677833333,a-r0,4,1787.392235275,1.544336585335,0,QPSK 3/4,6214331644.444445,1553582911.111111,260.145351561,23887921.145408
0.677833333,b0,1,1787.392235275,1.650000000000,1,QPSK 3/4,6214331644.444445,6214331644.444445,268.353221940,23157283.521755
0.680600000,a-r0,1,1785.740939144,0.355748741027,0,QPSK 1/4,2048126311.111111,2048126311.111111,133.274021271,15367783.545315
0.680600000,a-r0,2,1785.740939144,0.570352529233,0,QPSK 2/5,3297987911.111111,1648993955.555555,164.442852164,20055526.085288
0.680600000,a-r0,4,1785.740939144,1.545764651956,0,QPSK 3/4,6214331644.444445,1553582911.111111,260.258122940,23877570.368428
0.680600000,b0,1,1785.740939144,1.650000000000,1,QPSK 3/4,6214331644.444445,6214331644.444445,268.353221940,23157283.521755
0.683366667,a-r0,1,1784.084305868,0.356079075867,0,QPSK 1/4,2048126311.111111,2048126311.111111,133.328371788,15361518.959903
0.683366667,a-r0,2,1784.084305868,0.570882137042,0,QPSK 2/5,3297987911.111111,1648993955.555555,164.511670422,20047136.489790
0.683366667,a-r0,4,1784.084305868,1.547199990606,0,QPSK 3/4,6214331644.444445,1553582911.111111,260.371416096,23867180.728323
0.683366667,b0,1,1784.084305868,1.650000000000,1,QPSK 3/4,6214331644.444445,6214331644.444445,268.353221940,23157283.521755
0.686133333,a-r0,1,1782.422351319,0.356411088781,0,QPSK 1/4,2048126311.111111,2048126311.111111,133.382973004,15355230.618937
0.686133333,a-r0,2,1782.422351319,0.571414435217,0,QPSK 2/5,3297987911.111111,1648993955.555555,164.580806114,20038715.260814
0.686133333,a-r0,4,1782.422351319,1.548642620666,0,QPSK 3/4,6214331644.444445,1553582911.111111,260.485231832,23856752.264722
0.686133333,b0,1,1782.422351319,1.650000000000,1,QPSK 3/4,6214331644.444445,6214331644.444445,268.353221940,23157283.521755
0.688900000,a-r0,1,1780.755091412,0.356744784258,0,QPSK 1/4,2048126311.111111,2048126311.111111,133.437825306,15348918.542499
0.688900000,a-r0,2,1780.755091412,0.571949430951,0,QPSK 2/5,3297987911.111111,1648993955.555555,164.650259730,20030262.427295
0.688900000,a-r0,4,1780.755091412,1.550092561628,0,QPSK 3/4,6214331644.444445,1553582911.111111,260.599570957,23846285.017402
0.688900000,b0,1,1780.755091412,1.650000000000,1,QPSK 3/4,6214331644.444445,6214331644.444445,268.353221940,23157283.521755
0.691666667,a-r0,1,1779.082542109,0.357080166808,0,QPSK 1/4,2048126311.111111,2048126311.111111,133.492929084,15342582.750755
0.691666667,a-r0,2,1779.082542109,0.572487131479,0,QPSK 2/5,3297987911.111111,1648993955.555555,164.720031762,20021778.018281
0.691666667,a-r0,4,1779.082542109,1.551549833100,0,QPSK 3/4,6214331644.444445,1553582911.111111,260.714434279,23835779.026291
0.691666667,b0,1,1779.082542109,1.650000000000,1,QPSK 3/4,6214331644.444445,6214331644.444445,268.353221940,23157283.521755
0.694433333,a-r0,1,1777.404719409,0.357417240972,0,QPSK 1/4,2048126311.111111,2048126311.111111,133.548284728,15336223.263945
0.694433333,a-r0,2,1777.404719409,0.573027544078,0,QPSK 2/5,3297987911.111111,1648993955.555555,164.790122707,20013262.062930
0.694433333,a-r0,4,1777.404719409,1.553014454804,0,QPSK 3/4,6214331644.444445,1553582911.111111,260.829822615,23825234.331463
0.694433333,b0,1,1777.404719409,1.650000000000,1,QPSK 3/4,6214331644.444445,6214331644.444445,268.353221940,23157283.521755
0.697200000,a-r0,1,1775.721639359,0.357756011314,0,QPSK 1/4,2048126311.111111,2048126311.111111,133.603892632,15329840.102395
0.697200000,a-r0,2,1775.721639359,0.573570676068,0,QPSK 2/5,3297987911.111111,1648993955.555555,164.860533060,20004714.590513
0.697200000,a-r0,4,1775.721639359,1.554486446578,0,QPSK 3/4,6214331644.444445,1553582911.111111,260.945736784,23814650.973141
0.697200000,b0,1,1775.721639359,1.650000000000,1,QPSK 3/4,6214331644.444445,6214331644.444445,268.353221940,23157283.521755
0.699966667,a-r0,1,1774.033318046,0.358096482428,0,QPSK 1/4,2048126311.111111,2048126311.111111,133.659753191,15323433.286505
0.699966667,a-r0,2,1774.033318046,0.574116534811,0,QPSK 2/5,3297987911.111111,1648993955.555555,164.931263323,19996135.630414
0.699966667,a-r0,4,1774.033318046,1.555965828376,0,QPSK 3/4,6214331644.444445,1553582911.111111,261.062177609,23804028.991696
0.699966667,b0,1,1774.033318046,1.650000000000,1,QPSK 3/4,6214331644.444445,6214331644.444445,268.353221940,23157283.521755
0.702733333,a-r0,1,1772.339771599,0.358438658931,0,QPSK 1/4,2048126311.111111,2048126311.111111,133.715866801,15317002.836758
0.702733333,a-r0,2,1772.339771599,0.574665127713,0,QPSK 2/5,3297987911.111111,1648993955.555555,165.002313999,19987525.212126
0.702733333,a-r0,4,1772.339771599,1.557452620266,0,QPSK 3/4,6214331644.444445,1553582911.111111,261.179145918,23793368.427646
0.702733333,b0,1,1772.339771599,1.650000000000,1,QPSK 3/4,6214331644.444445,6214331644.444445,268.353221940,23157283.521755
0.705500000,a-r0,1,1770.641016191,0.358782545469,0,QPSK 1/4,2048126311.111111,2048126311.111111,133.772233862,15310548.773716
0.705500000,a-r0,2,1770.641016191,0.575216462221,0,QPSK 2/5,3297987911.111111,1648993955.555555,165.073685592,19978883.365257
0.705500000,a-r0,4,1770.641016191,1.558946842437,0,QPSK 3/4,6214331644.444445,1553582911.111111,261.296642542,23782669.321656
0.705500000,b0,1,1770.641016191,1.650000000000,1,QPSK 3/4,6214331644.444445,6214331644.444445,268.353221940,23157283.521755
0.708266667,a-r0,1,1768.937068035,0.359128146717,0,QPSK 1/4,2048126311.111111,2048126311.111111,133.828854774,15304071.118020
0.708266667,a-r0,2,1768.937068035,0.575770545827,0,QPSK 2/5,3297987911.111111,1648993955.555555,165.145378610,19970210.119523
0.708266667,a-r0,4,1768.937068035,1.560448515190,0,QPSK 3/4,6214331644.444445,1553582911.111111,261.414668318,23771931.714540
0.708266667,b0,1,1768.937068035,1.650000000000,1,QPSK 3/4,6214331644.444445,6214331644.444445,268.353221940,23157283.521755
0.711033333,a-r0,1,1767.227943386,0.359475467372,0,QPSK 1/4,2048126311.111111,2048126311.111111,133.885729942,15297569.890391
0.711033333,a-r0,2,1767.227943386,0.576327386067,0,QPSK 2/5,3297987911.111111,1648993955.555555,165.217393564,19961505.504755
0.711033333,a-r0,4,1767.227943386,1.561957658948,0,QPSK 3/4,6214331644.444445,1553582911.111111,261.533224086,23761155.647259
0.711033333,b0,1,1767.227943386,1.650000000000,1,QPSK 3/4,6214331644.444445,6214331644.444445,268.353221940,23157283.521755
0.713800000,a-r0,1,1765.513658541,0.359824512163,0,QPSK 1/4,2048126311.111111,2048126311.111111,133.942859769,15291045.111628
0.713800000,a-r0,2,1765.513658541,0.576886990519,0,QPSK 2/5,3297987911.111111,1648993955.555555,165.289730967,19952769.550893
0.713800000,a-r0,4,1765.513658541,1.563474294252,0,QPSK 3/4,6214331644.444445,1553582911.111111,261.652310691,23750341.160919
0.713800000,b0,1,1765.513658541,1.650000000000,1,QPSK 3/4,6214331644.444445,6214331644.444445,268.353221940,23157283.521755
0.716566667,a-r0,1,1763.794229839,0.360175285844,0,QPSK 1/4,2048126311.111111,2048126311.111111,134.000244664,15284496.802612
0.716566667,a-r0,2,1763.794229839,0.577449366806,0,QPSK 2/5,3297987911.111111,1648993955.555555,165.362391334,19944002.287990
0.716566667,a-r0,4,1763.794229839,1.564998441758,0,QPSK 3/4,6214331644.444445,1553582911.111111,261.771928980,23739488.296777
0.716566667,b0,1,1763.794229839,1.650000000000,1,QPSK 3/4,6214331644.444445,6214331644.444445,268.353221940,23157283.521755
0.719333333,a-r0,1,1762.069673657,0.360527793196,0,QPSK 1/4,2048126311.111111,2048126311.111111,134.057885034,15277924.984303
0.719333333,a-r0,2,1762.069673657,0.578014522594,0,QPSK 2/5,3297987911.111111,1648993955.555555,165.435375183,19935203.746209
0.719333333,a-r0,4,1762.069673657,1.566530122246,0,QPSK 3/4,6214331644.444445,1553582911.111111,261.892079807,23728597.096232
0.719333333,b0,1,1762.069673657,1.650000000000,1,QPSK 3/4,6214331644.444445,6214331644.444445,268.353221940,23157283.521755
0.722100000,a-r0,1,1760.340006414,0.360882039030,0,QPSK 1/4,2048126311.111111,2048126311.111111,134.115781293,15271329.677738
0.722100000,a-r0,2,1760.340006414,0.578582465595,0,QPSK 2/5,3297987911.111111,1648993955.555555,165.508683036,19926373.955825
0.722100000,a-r0,4,1760.340006414,1.568069356613,0,QPSK 3/4,6214331644.444445,1553582911.111111,262.012764030,23717667.600834
0.722100000,b0,1,1760.340006414,1.650000000000,1,QPSK 3/4,6214331644.444445,6214331644.444445,268.353221940,23157283.521755
0.724866667,a-r0,1,1758.605244572,0.361238028183,0,QPSK 1/4,2048126311.111111,2048126311.111111,134.173933852,15264710.904036
0.724866667,a-r0,2,1758.605244572,0.579153203563,0,QPSK 2/5,3297987911.111111,1648993955.555555,165.582315415,19917512.947225
0.724866667,a-r0,4,1758.605244572,1.569616165879,0,QPSK 3/4,6214331644.444445,1553582911.111111,262.133982510,23706699.852275
0.724866667,b0,1,1758.605244572,1.650000000000,1,QPSK 3/4,6214331644.444445,6214331644.444445,268.353221940,23157283.521755
0.727633333,a-r0,1,1756.865404629,0.361595765519,0,QPSK 1/4,2048126311.111111,2048126311.111111,134.232343128,15258068.684395
0.727633333,a-r0,2,1756.865404629,0.579726744298,0,QPSK 2/5,3297987911.111111,1648993955.555555,165.656272847,19908620.750906
0.727633333,a-r0,4,1756.865404629,1.571170571181,0,QPSK 3/4,6214331644.444445,1553582911.111111,262.255736112,23695693.892398
0.727633333,b0,1,1756.865404629,1.650000000000,1,QPSK 3/4,6214331644.444445,6214331644.444445,268.353221940,23157283.521755
0.730400000,a-r0,1,1755.120503126,0.361955255933,0,QPSK 1/4,2048126311.111111,2048126311.111111,134.291009537,15251403.040091
0.730400000,a-r0,2,1755.120503126,0.580303095646,0,QPSK 2/5,3297987911.111111,1648993955.555555,165.730555859,19899697.397476
0.730400000,a-r0,4,1755.120503126,1.572732593781,0,QPSK 3/4,6214331644.444445,1553582911.111111,262.378025708,23684649.763188
0.730400000,b0,1,1755.120503126,1.650000000000,1,QPSK 3/4,6214331644.444445,6214331644.444445,268.353221940,23157283.521755
0.733166667,a-r0,1,1753.370556641,0.362316504344,0,QPSK 1/4,2048126311.111111,2048126311.111111,134.349933500,15244713.992481
0.733166667,a-r0,2,1753.370556641,0.580882265496,0,QPSK 2/5,3297987911.111111,1648993955.555555,165.805164984,19890742.917655
0.733166667,a-r0,4,1753.370556641,1.574302255062,0,QPSK 3/4,6214331644.444445,1553582911.111111,262.500852170,23673567.506779
0.733166667,b0,1,1753.370556641,1.650000000000,1,QPSK 3/4,6214331644.444445,6214331644.444445,268.353221940,23157283.521755
0.735933333,a-r0,1,1751.615581795,0.362679515702,0,QPSK 1/4,2048126311.111111,2048126311.111111,134.409115437,15238001.563000
0.735933333,a-r0,2,1751.615581795,0.581464261783,0,QPSK 2/5,3297987911.111111,1648993955.555555,165.880100754,19881757.342273
0.735933333,a-r0,4,1751.615581795,1.575879576528,0,QPSK 3/4,6214331644.444445,1553582911.111111,262.624216379,23662447.165449
0.735933333,b0,1,1751.615581795,1.650000000000,1,QPSK 3/4,6214331644.444445,6214331644.444445,268.353221940,23157283.521755
0.738700000,a-r0,1,1749.855595245,0.363044294985,0,QPSK 1/4,2048126311.111111,2048126311.111111,134.468555773,15231265.773164
0.738700000,a-r0,2,1749.855595245,0.582049092487,0,QPSK 2/5,3297987911.111111,1648993955.555555,165.955363708,19872740.702271
0.738700000,a-r0,4,1749.855595245,1.577464579809,0,QPSK 3/4,6214331644.444445,1553582911.111111,262.748119218,23651288.781622
0.738700000,b0,1,1749.855595245,1.650000000000,1,QPSK 3/4,6214331644.444445,6214331644.444445,268.353221940,23157283.521755
0.741466667,a-r0,1,1748.090613688,0.363410847199,0,QPSK 1/4,2048126311.111111,2048126311.111111,134.528254933,15224506.644565
0.741466667,a-r0,2,1748.090613688,0.582636765635,0,QPSK 2/5,3297987911.111111,1648993955.555555,166.030954382,19863693.028701
0.741466667,a-r0,4,1748.090613688,1.579057286656,0,QPSK 3/4,6214331644.444445,1553582911.111111,262.872561573,23640092.397869
0.741466667,b0,1,1748.090613688,1.650000000000,1,QPSK 3/4,6214331644.444445,6214331644.444445,268.353221940,23157283.521755
0.744233333,a-r0,1,1746.320653860,0.363779177379,0,QPSK 1/4,2048126311.111111,2048126311.111111,134.588213345,15217724.198879
0.744233333,a-r0,2,1746.320653860,0.583227289298,0,QPSK 2/5,3297987911.111111,1648993955.555555,166.106873320,19854614.352727
0.744233333,a-r0,4,1746.320653860,1.580657718946,0,QPSK 3/4,6214331644.444445,1553582911.111111,262.997544337,23628858.056904
0.744233333,b0,1,1746.320653860,1.650000000000,1,QPSK 3/4,6214331644.444445,6214331644.444445,268.353221940,23157283.521755
0.747000000,a-r0,1,1744.545732536,0.364149290588,0,QPSK 1/4,2048126311.111111,2048126311.111111,134.648431440,15210918.457858
0.747000000,a-r0,2,1744.545732536,0.583820671594,0,QPSK 2/5,3297987911.111111,1648993955.555555,166.183121066,19845504.705620
0.747000000,a-r0,4,1744.545732536,1.582265898680,0,QPSK 3/4,6214331644.444445,1553582911.111111,263.123068406,23617585.801587
0.747000000,b0,1,1744.545732536,1.650000000000,1,QPSK 3/4,6214331644.444445,6214331644.444445,268.353221940,23157283.521755
0.749766667,a-r0,1,1742.765866528,0.364521191918,0,QPSK 1/4,2048126311.111111,2048126311.111111,134.708909649,15204089.443332
0.749766667,a-r0,2,1742.765866528,0.584416920688,0,QPSK 2/5,3297987911.111111,1648993955.555555,166.259698167,19836364.118766
0.749766667,a-r0,4,1742.765866528,1.583881847983,0,QPSK 3/4,6214331644.444445,1553582911.111111,263.249134680,23606275.674923
0.749766667,b0,1,1742.765866528,1.650000000000,1,QPSK 3/4,6214331644.444445,6214331644.444445,268.353221940,23157283.521755
0.752533333,a-r0,1,1740.981072687,0.364894886491,0,QPSK 1/4,2048126311.111111,2048126311.111111,134.769648406,15197237.177214
0.752533333,a-r0,2,1740.981072687,0.585016044789,0,QPSK 2/5,3297987911.111111,1648993955.555555,166.336605172,19827192.623659
0.752533333,a-r0,4,1740.981072687,1.585505589109,0,QPSK 3/4,6214331644.444445,1553582911.111111,263.375744066,23594927.720063
0.752533333,b0,1,1740.981072687,1.650000000000,1,QPSK 3/4,6214331644.444445,6214331644.444445,268.353221940,23157283.521755
0.755300000,a-r0,1,1739.191367901,0.365270379457,0,QPSK 1/4,2048126311.111111,2048126311.111111,134.830648148,15190361.681493
0.755300000,a-r0,2,1739.191367901,0.585618052156,0,QPSK 2/5,3297987911.111111,1648993955.555555,166.413842634,19817990.251903
0.755300000,a-r0,4,1739.191367901,1.587137144436,0,QPSK 3/4,6214331644.444445,1553582911.111111,263.502897471,23583541.980301
0.755300000,b0,1,1739.191367901,1.650000000000,1,QPSK 3/4,6214331644.444445,6214331644.444445,268.353221940,23157283.521755
0.758066667,a-r0,1,1737.396769097,0.365647675995,0,QPSK 1/4,2048126311.111111,2048126311.111111,134.891909313,15183462.978239
0.758066667,a-r0,2,1737.396769097,0.586222951091,0,QPSK 2/5,3297987911.111111,1648993955.555555,166.491411109,19808757.035214
0.758066667,a-r0,4,1737.396769097,1.588776536470,0,QPSK 3/4,6214331644.444445,1553582911.111111,263.630595811,23572118.499076
0.758066667,b0,1,1737.396769097,1.650000000000,1,QPSK 3/4,6214331644.444445,6214331644.444445,268.353221940,23157283.521755
0.760833333,a-r0,1,1735.597293236,0.366026781315,0,QPSK 1/4,2048126311.111111,2048126311.111111,134.953432341,15176541.089600
0.760833333,a-r0,2,1735.597293236,0.586830749947,0,QPSK 2/5,3297987911.111111,1648993955.555555,166.569311154,19799493.005417
0.760833333,a-r0,4,1735.597293236,1.590423787844,0,QPSK 3/4,6214331644.444445,1553582911.111111,263.758840004,23560657.319972
0.760833333,b0,1,1735.597293236,1.650000000000,1,QPSK 3/4,6214331644.444445,6214331644.444445,268.353221940,23157283.521755
0.763600000,a-r0,1,1733.792957319,0.366407700654,0,QPSK 1/4,2048126311.111111,2048126311.111111,135.015217677,15169596.037803
0.763600000,a-r0,2,1733.792957319,0.587441457122,0,QPSK 2/5,3297987911.111111,1648993955.555555,166.647543330,19790198.194449
0.763600000,a-r0,4,1733.792957319,1.592078921319,0,QPSK 3/4,6214331644.444445,1553582911.111111,263.887630972,23549158.486715
0.763600000,b0,1,1733.792957319,1.650000000000,1,QPSK 3/4,6214331644.444445,6214331644.444445,268.353221940,23157283.521755
0.766366667,a-r0,1,1731.983778384,0.366790439281,0,QPSK 1/4,2048126311.111111,2048126311.111111,135.077265763,15162627.845154
0.766366667,a-r0,2,1731.983778384,0.588055081062,0,QPSK 2/5,3297987911.111111,1648993955.555555,166.726108199,19780872.634354
0.766366667,a-r0,4,1731.983778384,1.593741959786,0,QPSK 3/4,6214331644.444445,1553582911.111111,264.016969643,23537622.043179
0.766366667,b0,1,1731.983778384,1.650000000000,1,QPSK 3/4,6214331644.444445,6214331644.444445,268.353221940,23157283.521755
0.769133333,a-r0,1,1730.169773503,0.367175002494,0,QPSK 1/4,2048126311.111111,2048126311.111111,135.139577049,15155636.534040
0.769133333,a-r0,2,1730.169773503,0.588671630261,0,QPSK 2/5,3297987911.111111,1648993955.555555,166.805006329,19771516.357289
0.769133333,a-r0,4,1730.169773503,1.595412926265,0,QPSK 3/4,6214331644.444445,1553582911.111111,264.146856949,23526048.033378
0.769133333,b0,1,1730.169773503,1.650000000000,1,QPSK 3/4,6214331644.444445,6214331644.444445,268.353221940,23157283.521755
0.771900000,a-r0,1,1728.350959786,0.367561395621,0,QPSK 1/4,2048126311.111111,2048126311.111111,135.202151981,15148622.126924
0.771900000,a-r0,2,1728.350959786,0.589291113260,0,QPSK 2/5,3297987911.111111,1648993955.555555,166.884238288,19762129.395519
0.771900000,a-r0,4,1728.350959786,1.597091843905,0,QPSK 3/4,6214331644.444445,1553582911.111111,264.277293826,23514436.501470
0.771900000,b0,1,1728.350959786,1.650000000000,1,QPSK 3/4,6214331644.444445,6214331644.444445,268.353221940,23157283.521755
0.774666667,a-r0,1,1726.527354379,0.367949624018,0,QPSK 1/4,2048126311.111111,2048126311.111111,135.264991013,15141584.646349
0.774666667,a-r0,2,1726.527354379,0.589913538649,0,QPSK 2/5,3297987911.111111,1648993955.555555,166.963804646,19752711.781420
0.774666667,a-r0,4,1726.527354379,1.598778735986,0,QPSK 3/4,6214331644.444445,1553582911.111111,264.408281214,23502787.491760
0.774666667,b0,1,1726.527354379,1.650000000000,1,QPSK 3/4,6214331644.444445,6214331644.444445,268.353221940,23157283.521755
0.777433333,a-r0,1,1724.698974464,0.368339693075,0,QPSK 1/4,2048126311.111111,2048126311.111111,135.328094597,15134524.114938
0.777433333,a-r0,2,1724.698974464,0.590538915067,0,QPSK 2/5,3297987911.111111,1648993955.555555,167.043705980,19743263.547479
0.777433333,a-r0,4,1724.698974464,1.600473625919,0,QPSK 3/4,6214331644.444445,1553582911.111111,264.539820061,23491101.048691
0.777433333,b0,1,1724.698974464,1.650000000000,1,QPSK 3/4,6214331644.444445,6214331644.444445,268.353221940,23157283.521755
0.780200000,a-r0,1,1722.865837257,0.368731608210,0,QPSK 1/4,2048126311.111111,2048126311.111111,135.391463190,15127440.555392
0.780200000,a-r0,2,1722.865837257,0.591167251199,0,QPSK 2/5,3297987911.111111,1648993955.555555,167.123942865,19733784.726289
0.780200000,a-r0,4,1722.865837257,1.602176537248,0,QPSK 3/4,6214331644.444445,1553582911.111111,264.671911314,23479377.216853
0.780200000,b0,1,1722.865837257,1.650000000000,1,QPSK 3/4,6214331644.444445,6214331644.444445,268.353221940,23157283.521755
0.782966667,a-r0,1,1721.027960011,0.369125374870,0,QPSK 1/4,2048126311.111111,2048126311.111111,135.455097248,15120333.990491
0.782966667,a-r0,2,1721.027960011,0.591798555783,0,QPSK 2/5,3297987911.111111,1648993955.555555,167.204515882,19724275.350557
0.782966667,a-r0,4,1721.027960011,1.603887493648,0,QPSK 3/4,6214331644.444445,1553582911.111111,264.804555929,23467616.040979
0.782966667,b0,1,1721.027960011,1.650000000000,1,QPSK 3/4,6214331644.444445,6214331644.444445,268.353221940,23157283.521755
0.785733333,a-r0,1,1719.185360012,0.369520998537,0,QPSK 1/4,2048126311.111111,2048126311.111111,135.518997233,15113204.443093
0.785733333,a-r0,2,1719.185360012,0.592432837602,0,QPSK 2/5,3297987911.111111,1648993955.555555,167.285425613,19714735.453097
0.785733333,a-r0,4,1719.185360012,1.605606518927,0,QPSK 3/4,6214331644.444445,1553582911.111111,264.937754865,23455817.565941
0.785733333,b0,1,1719.185360012,1.650000000000,1,QPSK 3/4,6214331644.444445,6214331644.444445,268.353221940,23157283.521755
0.788500000,a-r0,1,1717.338054584,0.369918484719,0,QPSK 1/4,2048126311.111111,2048126311.111111,135.583163607,15106051.936136
0.788500000,a-r0,2,1717.338054584,0.593070105491,0,QPSK 2/5,3297987911.111111,1648993955.555555,167.366672643,19705165.066832
0.788500000,a-r0,4,1717.338054584,1.607333637027,0,QPSK 3/4,6214331644.444445,1553582911.111111,265.071509086,23443981.836758
0.788500000,b0,1,1717.338054584,1.650000000000,1,QPSK 3/4,6214331644.444445,6214331644.444445,268.353221940,23157283.521755
0.791266667,a-r0,1,1715.486061083,0.370317838957,0,QPSK 1/4,2048126311.111111,2048126311.111111,135.647596833,15098876.492636
0.791266667,a-r0,2,1715.486061083,0.593710368333,0,QPSK 2/5,3297987911.111111,1648993955.555555,167.448257560,19695564.224797
0.791266667,a-r0,4,1715.486061083,1.609068872024,0,QPSK 3/4,6214331644.444445,1553582911.111111,265.205819559,23432108.898589
0.791266667,b0,1,1715.486061083,1.650000000000,1,QPSK 3/4,6214331644.444445,6214331644.444445,268.353221940,23157283.521755
0.794033333,a-r0,1,1713.629396899,0.370719066824,0,QPSK 1/4,2048126311.111111,2048126311.111111,135.712297380,15091678.135688
0.794033333,a-r0,2,1713.629396899,0.594353635062,0,QPSK 2/5,3297987911.111111,1648993955.555555,167.530180957,19685932.960134
0.794033333,a-r0,4,1713.629396899,1.610812248129,0,QPSK 3/4,6214331644.444445,1553582911.111111,265.340687258,23420198.796736
0.794033333,b0,1,1713.629396899,1.650000000000,1,QPSK 3/4,6214331644.444445,6214331644.444445,268.353221940,23157283.521755
0.796800000,a-r0,1,1711.768079459,0.371122173923,0,QPSK 1/4,2048126311.111111,2048126311.111111,135.777265715,15084456.888466
0.796800000,a-r0,2,1711.768079459,0.594999914660,0,QPSK 2/5,3297987911.111111,1648993955.555555,167.612443425,19676271.306095
0.796800000,a-r0,4,1711.768079459,1.612563789688,0,QPSK 3/4,6214331644.444445,1553582911.111111,265.476113160,23408251.576643
0.796800000,b0,1,1711.768079459,1.650000000000,1,QPSK 3/4,6214331644.444445,6214331644.444445,268.353221940,23157283.521755
0.799566667,a-r0,1,1709.902126219,0.371527165889,0,QPSK 1/4,2048126311.111111,2048126311.111111,135.842502310,15077212.774221
0.799566667,a-r0,2,1709.902126219,0.595649216162,0,QPSK 2/5,3297987911.111111,1648993955.555555,167.695045563,19666579.296042
0.799566667,a-r0,4,1709.902126219,1.614323521185,0,QPSK 3/4,6214331644.444445,1553582911.111111,265.612098248,23396267.283894
0.799566667,b0,1,1709.902126219,1.650000000000,1,QPSK 3/4,6214331644.444445,6214331644.444445,268.353221940,23157283.521755
0.802333333,a-r0,1,1708.031554674,0.371934048386,0,QPSK 1/4,2048126311.111111,2048126311.111111,135.908007638,15069945.816286
0.802333333,a-r0,2,1708.031554674,0.596301548651,0,QPSK 2/5,3297987911.111111,1648993955.555555,167.777987968,19656856.963445
0.802333333,a-r0,4,1708.031554674,1.616091467237,0,QPSK 3/4,6214331644.444445,1553582911.111111,265.748643508,23384245.964219
0.802333333,b0,1,1708.031554674,1.650000000000,1,QPSK 3/4,6214331644.444445,6214331644.444445,268.353221940,23157283.521755
0.805100000,a-r0,1,1706.156382348,0.372342827114,0,QPSK 1/4,2048126311.111111,2048126311.111111,135.973782176,15062656.038069
0.805100000,a-r0,2,1706.156382348,0.596956921261,0,QPSK 2/5,3297987911.111111,1648993955.555555,167.861271245,19647104.341884
0.805100000,a-r0,4,1706.156382348,1.617867652601,0,QPSK 3/4,6214331644.444445,1553582911.111111,265.885749931,23372187.663485
0.805100000,b0,1,1706.156382348,1.650000000000,1,QPSK 3/4,6214331644.444445,6214331644.444445,268.353221940,23157283.521755
0.807866667,a-r0,1,1704.276626799,0.372753507800,0,QPSK 1/4,2048126311.111111,2048126311.111111,136.039826400,15055343.463059
0.807866667,a-r0,2,1704.276626799,0.597615343179,0,QPSK 2/5,3297987911.111111,1648993955.555555,167.944895997,19637321.465047
0.807866667,a-r0,4,1704.276626799,1.619652102173,0,QPSK 3/4,6214331644.444445,1553582911.111111,266.023418515,23360092.427703
0.807866667,b0,1,1704.276626799,1.650000000000,1,QPSK 3/4,6214331644.444445,6214331644.444445,268.353221940,23157283.521755
0.810633333,a-r0,1,1702.392305620,0.373166096207,0,QPSK 1/4,2048126311.111111,2048126311.111111,136.106140792,15048008.114822
0.810633333,a-r0,2,1702.392305620,0.598276823640,0,QPSK 2/5,3297987911.111111,1648993955.555555,168.028862833,19627508.366732
0.810633333,a-r0,4,1702.392305620,1.621444840984,0,QPSK 3/4,6214331644.444445,1553582911.111111,266.161650259,23347960.303025
0.810633333,b0,1,1702.392305620,1.650000000000,1,QPSK 3/4,6214331644.444445,6214331644.444445,268.353221940,23157283.521755
0.813400000,a-r0,1,1700.503436435,0.373580598128,0,QPSK 1/4,2048126311.111111,2048126311.111111,136.172725833,15040650.017004
0.813400000,a-r0,2,1700.503436435,0.598941371934,0,QPSK 2/5,3297987911.111111,1648993955.555555,168.113172364,19617665.080844
0.813400000,a-r0,4,1700.503436435,1.623245894208,0,QPSK 3/4,6214331644.444445,1553582911.111111,266.300446170,23335791.335742
0.813400000,b0,1,1700.503436435,1.650000000000,1,QPSK 3/4,6214331644.444445,6214331644.444445,268.353221940,23157283.521755
0.816166667,a-r0,1,1698.610036898,0.373997019387,0,QPSK 1/4,2048126311.111111,2048126311.111111,136.239582008,15033269.193327
0.816166667,a-r0,2,1698.610036898,0.599608997399,0,QPSK 2/5,3297987911.111111,1648993955.555555,168.197825203,19607791.641398
0.816166667,a-r0,4,1698.610036898,1.625055287157,0,QPSK 3/4,6214331644.444445,1553582911.111111,266.439807258,23323585.572288
0.816166667,b0,1,1698.610036898,1.650000000000,1,QPSK 3/4,6214331644.444445,6214331644.444445,268.353221940,23157283.521755
0.818933333,a-r0,1,1696.712124699,0.374415365844,0,QPSK 1/4,2048126311.111111,2048126311.111111,136.306709804,15025865.667594
0.818933333,a-r0,2,1696.712124699,0.600279709427,0,QPSK 2/5,3297987911.111111,1648993955.555555,168.282821967,19597888.082518
0.818933333,a-r0,4,1696.712124699,1.626873045284,0,QPSK 3/4,6214331644.444445,1553582911.111111,266.579734538,23311343.059237
0.818933333,b0,1,1696.712124699,1.650000000000,1,QPSK 3/4,6214331644.444445,6214331644.444445,268.353221940,23157283.521755
0.821700000,a-r0,1,1694.809717558,0.374835643388,0,QPSK 1/4,2048126311.111111,2048126311.111111,136.374109711,15018439.463686
0.821700000,a-r0,2,1694.809717558,0.600953517463,0,QPSK 2/5,3297987911.111111,1648993955.555555,168.368163275,19587954.438436
0.821700000,a-r0,4,1694.809717558,1.628699194182,0,QPSK 3/4,6214331644.444445,1553582911.111111,266.720229029,23299063.843304
0.821700000,b0,1,1694.809717558,1.650000000000,1,QPSK 3/4,6214331644.444445,6214331644.444445,268.353221940,23157283.521755
0.824466667,a-r0,1,1692.902833226,0.375257857943,0,QPSK 1/4,2048126311.111111,2048126311.111111,136.441782220,15010990.605561
0.824466667,a-r0,2,1692.902833226,0.601630431001,0,QPSK 2/5,3297987911.111111,1648993955.555555,168.453849750,19577990.743492
0.824466667,a-r0,4,1692.902833226,1.630533759589,0,QPSK 3/4,6214331644.444445,1553582911.111111,266.861291757,23286747.971341
0.824466667,b0,1,1692.902833226,1.650000000000,1,QPSK 3/4,6214331644.444445,6214331644.444445,268.353221940,23157283.521755
0.827233333,a-r0,1,1690.991489485,0.375682015463,0,QPSK 1/4,2048126311.111111,2048126311.111111,136.509727825,15003519.117257
0.827233333,a-r0,2,1690.991489485,0.602310459591,0,QPSK 2/5,3297987911.111111,1648993955.555555,168.539882017,19567997.032134
0.827233333,a-r0,4,1690.991489485,1.632376767384,0,QPSK 3/4,6214331644.444445,1553582911.111111,267.002923750,23274395.490345
0.827233333,b0,1,1690.991489485,1.650000000000,1,QPSK 3/4,6214331644.444445,6214331644.444445,268.353221940,23157283.521755
0.830000000,a-r0,1,1689.075704150,0.376108121939,0,QPSK 1/4,2048126311.111111,2048126311.111111,136.577947022,14996025.022888
0.830000000,a-r0,2,1689.075704150,0.602993612834,0,QPSK 2/5,3297987911.111111,1648993955.555555,168.626260705,19557973.338921
0.830000000,a-r0,4,1689.075704150,1.634228243587,0,QPSK 3/4,6214331644.444445,1553582911.111111,267.145126044,23262006.447450
0.830000000,b0,1,1689.075704150,1.650000000000,1,QPSK 3/4,6214331644.444445,6214331644.444445,268.353221940,23157283.521755
0.832766667,a-r0,1,1687.155495065,0.376536183393,0,QPSK 1/4,2048126311.111111,2048126311.111111,136.646440309,14988508.346649
0.832766667,a-r0,2,1687.155495065,0.603679900386,0,QPSK 2/5,3297987911.111111,1648993955.555555,168.712986444,19547919.698517
0.832766667,a-r0,4,1687.155495065,1.636088214366,0,QPSK 3/4,6214331644.444445,1553582911.111111,267.287899677,23249580.889929
0.832766667,b0,1,1687.155495065,1.650000000000,1,QPSK 3/4,6214331644.444445,6214331644.444445,268.353221940,23157283.521755
0.835533333,a-r0,1,1685.230880105,0.376966205878,0,QPSK 1/4,2048126311.111111,2048126311.111111,136.715208188,14980969.112811
0.835533333,a-r0,2,1685.230880105,0.604369331954,0,QPSK 2/5,3297987911.111111,1648993955.555555,168.800059869,19537836.145695
0.835533333,a-r0,4,1685.230880105,1.637956706032,0,QPSK 3/4,6214331644.444445,1553582911.111111,267.431245693,23237118.865196
0.835533333,b0,1,1685.230880105,1.650000000000,1,QPSK 3/4,6214331644.444445,6214331644.444445,268.353221940,23157283.521755
0.838300000,a-r0,1,1683.301877174,0.377398195485,0,QPSK 1/4,2048126311.111111,2048126311.111111,136.784251161,14973407.345725
0.838300000,a-r0,2,1683.301877174,0.605061917299,0,QPSK 2/5,3297987911.111111,1648993955.555555,168.887481617,19527722.715338
0.838300000,a-r0,4,1683.301877174,1.639833745040,0,QPSK 3/4,6214331644.444445,1553582911.111111,267.575165141,23224620.420804
0.838300000,b0,1,1683.301877174,1.650000000000,1,QPSK 3/4,6214331644.444445,6214331644.444445,268.353221940,23157283.521755
0.841066667,a-r0,1,1681.368504209,0.377832158335,0,QPSK 1/4,2048126311.111111,2048126311.111111,136.853569734,14965823.069819
0.841066667,a-r0,2,1681.368504209,0.605757666238,0,QPSK 2/5,3297987911.111111,1648993955.555555,168.975252328,19517579.442433
0.841066667,a-r0,4,1681.368504209,1.641719357993,0,QPSK 3/4,6214331644.444445,1553582911.111111,267.719659075,23212085.604446
0.841066667,b0,1,1681.368504209,1.650000000000,1,QPSK 3/4,6214331644.444445,6214331644.444445,268.353221940,23157283.521755
0.843833333,a-r0,1,1679.430779174,0.378268100584,0,QPSK 1/4,2048126311.111111,2048126311.111111,136.923164415,14958216.309599
0.843833333,a-r0,2,1679.430779174,0.606456588641,0,QPSK 2/5,3297987911.111111,1648993955.555555,169.063372644,19507406.362079
0.843833333,a-r0,4,1679.430779174,1.643613571639,0,QPSK 3/4,6214331644.444445,1553582911.111111,267.864728553,23199514.463952
0.843833333,b0,1,1679.430779174,1.650000000000,1,QPSK 3/4,6214331644.444445,6214331644.444445,268.353221940,23157283.521755
0.846600000,a-r0,1,1677.488720064,0.378706028424,0,QPSK 1/4,2048126311.111111,2048126311.111111,136.993035714,14950587.089650
0.846600000,a-r0,2,1677.488720064,0.607158694431,0,QPSK 2/5,3297987911.111111,1648993955.555555,169.151843212,19497203.509481
0.846600000,a-r0,4,1677.488720064,1.645516412876,0,QPSK 3/4,6214331644.444445,1553582911.111111,268.010374638,23186907.047292
0.846600000,b0,1,1677.488720064,1.650000000000,1,QPSK 3/4,6214331644.444445,6214331644.444445,268.353221940,23157283.521755
0.849366667,a-r0,1,1675.542344902,0.379145948077,0,QPSK 1/4,2048126311.111111,2048126311.111111,137.063184143,14942935.434634
0.849366667,a-r0,2,1675.542344902,0.607863993587,0,QPSK 2/5,3297987911.111111,1648993955.555555,169.240664681,19486970.919950
0.849366667,a-r0,4,1675.542344902,1.647427908747,0,QPSK 3/4,6214331644.444445,1553582911.111111,268.156598399,23174263.402574
0.849366667,b0,1,1675.542344902,1.650000000000,1,QPSK 3/4,6214331644.444445,6214331644.444445,268.353221940,23157283.521755
0.852133333,a-r0,1,1673.591671741,0.379587865803,0,QPSK 1/4,2048126311.111111,2048126311.111111,137.133610217,14935261.369291
0.852133333,a-r0,2,1673.591671741,0.608572496143,0,QPSK 2/5,3297987911.111111,1648993955.555555,169.329837702,19476708.628908
0.852133333,a-r0,4,1673.591671741,1.649348086447,0,QPSK 3/4,6214331644.444445,1553582911.111111,268.303400910,23161583.578045
0.852133333,b0,1,1673.591671741,1.650000000000,1,QPSK 3/4,6214331644.444445,6214331644.444445,268.353221940,23157283.521755
0.853069795,a-r0,1,1672.930437139,0.379737899914,0,QPSK 1/4,2048126311.111111,2048126311.111111,137.157511032,14932658.778209
0.853069795,a-r0,2,1672.930437139,0.608813037641,0,QPSK 2/5,3297987911.111111,1648993955.555555,169.360100753,19473228.324998
0.853069795,a-r0,4,1672.930437139,1.650000000000,1,QPSK 3/4,6214331644.444445,1553582911.111111,268.353221940,23157283.521755
0.853069795,b0,1,1672.930437139,1.650000000000,1,QPSK 3/4,6214331644.444445,6214331644.444445,268.353221940,23157283.521755
0.854900000,a-r0,1,1671.636718662,0.380031787894,0,QPSK 1/4,2048126311.111111,2048126311.111111,137.204314455,14927564.918441
0.854900000,a-r0,2,1671.636718662,0.609284212189,0,QPSK 2/5,3297987911.111111,1648993955.555555,169.419362932,19466416.671882
0.854900000,a-r0,4,1671.636718662,1.650000000000,1,QPSK 2/3,5524079200.000000,1381019800.000000,268.353221940,20585104.810972
0.854900000,b0,1,1671.636718662,1.650000000000,1,QPSK 2/3,5524079200.000000,5524079200.000000,268.353221940,20585104.810972
0.857666667,a-r0,1,1669.677503774,0.380477720677,0,QPSK 1/4,2048126311.111111,2048126311.111111,137.275297374,14919846.106980
0.857666667,a-r0,2,1669.677503774,0.609999151869,0,QPSK 2/5,3297987911.111111,1648993955.555555,169.509241026,19456095.084507
0.857666667,a-r0,4,1669.677503774,1.650000000000,1,QPSK 2/3,5524079200.000000,1381019800.000000,268.353221940,20585104.810972
0.857666667,b0,1,1669.677503774,1.650000000000,1,QPSK 2/3,5524079200.000000,5524079200.000000,268.353221940,20585104.810972
0.860433333,a-r0,1,1667.714045216,0.380925670515,0,QPSK 1/4,2048126311.111111,2048126311.111111,137.346559498,14912104.959882
0.860433333,a-r0,2,1667.714045216,0.610717325382,0,QPSK 2/5,3297987911.111111,1648993955.555555,169.599472648,19445743.902525
0.860433333,a-r0,4,1667.714045216,1.650000000000,1,QPSK 2/3,5524079200.000000,1381019800.000000,268.353221940,20585104.810972
0.860433333,b0,1,1667.714045216,1.650000000000,1,QPSK 2/3,5524079200.000000,5524079200.000000,268.353221940,20585104.810972
0.863200000,a-r0,1,1665.746361153,0.381375643806,0,QPSK 1/4,2048126311.111111,2048126311.111111,137.418101350,14904341.502200
0.863200000,a-r0,2,1665.746361153,0.611438742986,0,QPSK 2/5,3297987911.111111,1648993955.555555,169.690058460,19435363.161787
0.863200000,a-r0,4,1665.746361153,1.650000000000,1,QPSK 2/3,5524079200.000000,1381019800.000000,268.353221940,20585104.810972
0.863200000,b0,1,1665.746361153,1.650000000000,1,QPSK 2/3,5524079200.000000,5524079200.000000,268.353221940,20585104.810972
0.865966667,a-r0,1,1663.774469779,0.381827646980,0,QPSK 1/4,2048126311.111111,2048126311.111111,137.489923459,14896555.759063
0.865966667,a-r0,2,1663.774469779,0.612163414992,0,QPSK 2/5,3297987911.111111,1648993955.555555,169.780999130,19424952.898248
0.865966667,a-r0,4,1663.774469779,1.650000000000,1,QPSK 2/3,5524079200.000000,1381019800.000000,268.353221940,20585104.810972
0.865966667,b0,1,1663.774469779,1.650000000000,1,QPSK 2/3,5524079200.000000,5524079200.000000,268.353221940,20585104.810972
0.868733333,a-r0,1,1661.798389315,0.382281686507,0,QPSK 1/4,2048126311.111111,2048126311.111111,137.562026352,14888747.755680
0.868733333,a-r0,2,1661.798389315,0.612891351770,0,QPSK 2/5,3297987911.111111,1648993955.555555,169.872295327,19414513.147974
0.868733333,a-r0,4,1661.798389315,1.650000000000,1,QPSK 2/3,5524079200.000000,1381019800.000000,268.353221940,20585104.810972
0.868733333,b0,1,1661.798389315,1.650000000000,1,QPSK 2/3,5524079200.000000,5524079200.000000,268.353221940,20585104.810972
0.871500000,a-r0,1,1659.818138008,0.382737768888,0,QPSK 1/4,2048126311.111111,2048126311.111111,137.634410561,14880917.517335
0.871500000,a-r0,2,1659.818138008,0.613622563746,0,QPSK 2/5,3297987911.111111,1648993955.555555,169.963947726,19404043.947134
0.871500000,a-r0,4,1659.818138008,1.650000000000,1,QPSK 2/3,5524079200.000000,1381019800.000000,268.353221940,20585104.810972
0.871500000,b0,1,1659.818138008,1.650000000000,1,QPSK 2/3,5524079200.000000,5524079200.000000,268.353221940,20585104.810972
0.874266667,a-r0,1,1657.833734135,0.383195900663,0,QPSK 1/4,2048126311.111111,2048126311.111111,137.707076622,14873065.069393
0.874266667,a-r0,2,1657.833734135,0.614357061402,0,QPSK 2/5,3297987911.111111,1648993955.555555,170.055957003,19393545.332007
0.874266667,a-r0,4,1657.833734135,1.650000000000,1,QPSK 2/3,5524079200.000000,1381019800.000000,268.353221940,20585104.810972
0.874266667,b0,1,1657.833734135,1.650000000000,1,QPSK 2/3,5524079200.000000,5524079200.000000,268.353221940,20585104.810972
0.877033333,a-r0,1,1655.845195995,0.383656088406,0,QPSK 1/4,2048126311.111111,2048126311.111111,137.780025069,14865190.437294
0.877033333,a-r0,2,1655.845195995,0.615094855280,0,QPSK 2/5,3297987911.111111,1648993955.555555,170.148323836,19383017.338976
0.877033333,a-r0,4,1655.845195995,1.650000000000,1,QPSK 2/3,5524079200.000000,1381019800.000000,268.353221940,20585104.810972
0.877033333,b0,1,1655.845195995,1.650000000000,1,QPSK 2/3,5524079200.000000,5524079200.000000,268.353221940,20585104.810972
0.879800000,a-r0,1,1653.852541918,0.384118338727,0,QPSK 1/4,2048126311.111111,2048126311.111111,137.853256443,14857293.646557
0.879800000,a-r0,2,1653.852541918,0.615835955977,0,QPSK 2/5,3297987911.111111,1648993955.555555,170.241048909,19372460.004534
0.879800000,a-r0,4,1653.852541918,1.650000000000,1,QPSK 2/3,5524079200.000000,1381019800.000000,268.353221940,20585104.810972
0.879800000,b0,1,1653.852541918,1.650000000000,1,QPSK 2/3,5524079200.000000,5524079200.000000,268.353221940,20585104.810972
0.882566667,a-r0,1,1651.855790257,0.384582658273,0,QPSK 1/4,2048126311.111111,2048126311.111111,137.926771285,14849374.722778
0.882566667,a-r0,2,1651.855790257,0.616580374149,0,QPSK 2/5,3297987911.111111,1648993955.555555,170.334132906,19361873.365277
0.882566667,a-r0,4,1651.855790257,1.650000000000,1,QPSK 2/3,5524079200.000000,1381019800.000000,268.353221940,20585104.810972
0.882566667,b0,1,1651.855790257,1.650000000000,1,QPSK 2/3,5524079200.000000,5524079200.000000,268.353221940,20585104.810972
0.885333333,a-r0,1,1649.854959392,0.385049053727,0,QPSK 1/4,2048126311.111111,2048126311.111111,138.000570138,14841433.691631
0.885333333,a-r0,2,1649.854959392,0.617328120510,0,QPSK 2/5,3297987911.111111,1648993955.555555,170.427576517,19351257.457910
0.885333333,a-r0,4,1649.854959392,1.650000000000,1,QPSK 2/3,5524079200.000000,1381019800.000000,268.353221940,20585104.810972
0.885333333,b0,1,1649.854959392,1.650000000000,1,QPSK 2/3,5524079200.000000,5524079200.000000,268.353221940,20585104.810972
0.888100000,a-r0,1,1647.850067729,0.385517531809,0,QPSK 1/4,2048126311.111111,2048126311.111111,138.074653549,14833470.578867
0.888100000,a-r0,2,1647.850067729,0.618079205834,0,QPSK 2/5,3297987911.111111,1648993955.555555,170.521380434,19340612.319244
0.888100000,a-r0,4,1647.850067729,1.650000000000,1,QPSK 2/3,5524079200.000000,1381019800.000000,268.353221940,20585104.810972
0.888100000,b0,1,1647.850067729,1.650000000000,1,QPSK 2/3,5524079200.000000,5524079200.000000,268.353221940,20585104.810972
0.890866667,a-r0,1,1645.841133699,0.385988099273,0,QPSK 1/4,2048126311.111111,2048126311.111111,138.149022067,14825485.410316
0.890866667,a-r0,2,1645.841133699,0.618833640953,0,QPSK 2/5,3297987911.111111,1648993955.555555,170.615545351,19329937.986195
0.890866667,a-r0,4,1645.841133699,1.650000000000,1,QPSK 2/3,5524079200.000000,1381019800.000000,268.353221940,20585104.810972
0.890866667,b0,1,1645.841133699,1.650000000000,1,QPSK 2/3,5524079200.000000,5524079200.000000,268.353221940,20585104.810972
0.893633333,a-r0,1,1643.828175757,0.386460762913,0,QPSK 1/4,2048126311.111111,2048126311.111111,138.223676244,14817478.211882
0.893633333,a-r0,2,1643.828175757,0.619591436756,0,QPSK 2/5,3297987911.111111,1648993955.555555,170.710071966,19319234.495787
0.893633333,a-r0,4,1643.828175757,1.650000000000,1,QPSK 2/3,5524079200.000000,1381019800.000000,268.353221940,20585104.810972
0.893633333,b0,1,1643.828175757,1.650000000000,1,QPSK 2/3,5524079200.000000,5524079200.000000,268.353221940,20585104.810972
0.896400000,a-r0,1,1641.811212384,0.386935529560,0,QPSK 1/4,2048126311.111111,2048126311.111111,138.298616633,14809449.009551
0.896400000,a-r0,2,1641.811212384,0.620352604193,0,QPSK 2/5,3297987911.111111,1648993955.555555,170.804960982,19308501.885149
0.896400000,a-r0,4,1641.811212384,1.650000000000,1,QPSK 2/3,5524079200.000000,1381019800.000000,268.353221940,20585104.810972
0.896400000,b0,1,1641.811212384,1.650000000000,1,QPSK 2/3,5524079200.000000,5524079200.000000,268.353221940,20585104.810972
0.899166667,a-r0,1,1639.790262085,0.387412406080,0,QPSK 1/4,2048126311.111111,2048126311.111111,138.373843790,14801397.829382
0.899166667,a-r0,2,1639.790262085,0.621117154276,0,QPSK 2/5,3297987911.111111,1648993955.555555,170.900213102,19297740.191515
0.899166667,a-r0,4,1639.790262085,1.650000000000,1,QPSK 2/3,5524079200.000000,1381019800.000000,268.353221940,20585104.810972
0.899166667,b0,1,1639.790262085,1.650000000000,1,QPSK 2/3,5524079200.000000,5524079200.000000,268.353221940,20585104.810972
0.901933333,a-r0,1,1637.765343391,0.387891399378,0,QPSK 1/4,2048126311.111111,2048126311.111111,138.449358274,14793324.697515
0.901933333,a-r0,2,1637.765343391,0.621885098074,0,QPSK 2/5,3297987911.111111,1648993955.555555,170.995829034,19286949.452228
0.901933333,a-r0,4,1637.765343391,1.650000000000,1,QPSK 2/3,5524079200.000000,1381019800.000000,268.353221940,20585104.810972
0.901933333,b0,1,1637.765343391,1.650000000000,1,QPSK 2/3,5524079200.000000,5524079200.000000,268.353221940,20585104.810972
0.904700000,a-r0,1,1635.736474855,0.388372516397,0,QPSK 1/4,2048126311.111111,2048126311.111111,138.525160647,14785229.640164
0.904700000,a-r0,2,1635.736474855,0.622656446716,0,QPSK 2/5,3297987911.111111,1648993955.555555,171.091809488,19276129.704734
0.904700000,a-r0,4,1635.736474855,1.650000000000,1,QPSK 2/3,5524079200.000000,1381019800.000000,268.353221940,20585104.810972
0.904700000,b0,1,1635.736474855,1.650000000000,1,QPSK 2/3,5524079200.000000,5524079200.000000,268.353221940,20585104.810972
0.907466667,a-r0,1,1633.703675053,0.388855764116,0,QPSK 1/4,2048126311.111111,2048126311.111111,138.601251473,14777112.683623
0.907466667,a-r0,2,1633.703675053,0.623431211393,0,QPSK 2/5,3297987911.111111,1648993955.555555,171.188155180,19265280.986586
0.907466667,a-r0,4,1633.703675053,1.650000000000,1,QPSK 2/3,5524079200.000000,1381019800.000000,268.353221940,20585104.810972
0.907466667,b0,1,1633.703675053,1.650000000000,1,QPSK 2/3,5524079200.000000,5524079200.000000,268.353221940,20585104.810972
0.910233333,a-r0,1,1631.666962588,0.389341149553,0,QPSK 1/4,2048126311.111111,2048126311.111111,138.677631318,14768973.854260
0.910233333,a-r0,2,1631.666962588,0.624209403358,0,QPSK 2/5,3297987911.111111,1648993955.555555,171.284866825,19254403.335442
0.910233333,a-r0,4,1631.666962588,1.650000000000,1,QPSK 2/3,5524079200.000000,1381019800.000000,268.353221940,20585104.810972
0.910233333,b0,1,1631.666962588,1.650000000000,1,QPSK 2/3,5524079200.000000,5524079200.000000,268.353221940,20585104.810972
0.913000000,a-r0,1,1629.626356082,0.389828679765,0,QPSK 1/4,2048126311.111111,2048126311.111111,138.754300752,14760813.178525
0.913000000,a-r0,2,1629.626356082,0.624991033923,0,QPSK 2/5,3297987911.111111,1648993955.555555,171.381945145,19243496.789066
0.913000000,a-r0,4,1629.626356082,1.650000000000,1,QPSK 2/3,5524079200.000000,1381019800.000000,268.353221940,20585104.810972
0.913000000,b0,1,1629.626356082,1.650000000000,1,QPSK 2/3,5524079200.000000,5524079200.000000,268.353221940,20585104.810972
0.915766667,a-r0,1,1627.581874184,0.390318361846,0,QPSK 1/4,2048126311.111111,2048126311.111111,138.831260345,14752630.682940
0.915766667,a-r0,2,1627.581874184,0.625776114462,0,QPSK 2/5,3297987911.111111,1648993955.555555,171.479390864,19232561.385328
0.915766667,a-r0,4,1627.581874184,1.650000000000,1,QPSK 2/3,5524079200.000000,1381019800.000000,268.353221940,20585104.810972
0.915766667,b0,1,1627.581874184,1.650000000000,1,QPSK 2/3,5524079200.000000,5524079200.000000,268.353221940,20585104.810972
0.918533333,a-r0,1,1625.533535563,0.390810202929,0,QPSK 1/4,2048126311.111111,2048126311.111111,138.908510672,14744426.394107
0.918533333,a-r0,2,1625.533535563,0.626564656412,0,QPSK 2/5,3297987911.111111,1648993955.555555,171.577204708,19221597.162202
0.918533333,a-r0,4,1625.533535563,1.650000000000,1,QPSK 2/3,5524079200.000000,1381019800.000000,268.353221940,20585104.810972
0.918533333,b0,1,1625.533535563,1.650000000000,1,QPSK 2/3,5524079200.000000,5524079200.000000,268.353221940,20585104.810972
0.921300000,a-r0,1,1623.481358912,0.391304210187,0,QPSK 1/4,2048126311.111111,2048126311.111111,138.986052309,14736200.338704
0.921300000,a-r0,2,1623.481358912,0.627356671270,0,QPSK 2/5,3297987911.111111,1648993955.555555,171.675387407,19210604.157767
0.921300000,a-r0,4,1623.481358912,1.650000000000,1,QPSK 2/3,5524079200.000000,1381019800.000000,268.353221940,20585104.810972
0.921300000,b0,1,1623.481358912,1.650000000000,1,QPSK 2/3,5524079200.000000,5524079200.000000,268.353221940,20585104.810972
0.924066667,a-r0,1,1621.425362944,0.391800390829,0,QPSK 1/4,2048126311.111111,2048126311.111111,139.063885836,14727952.543486
0.924066667,a-r0,2,1621.425362944,0.628152170598,0,QPSK 2/5,3297987911.111111,1648993955.555555,171.773939696,19199582.410209
0.924066667,a-r0,4,1621.425362944,1.650000000000,1,QPSK 2/3,5524079200.000000,1381019800.000000,268.353221940,20585104.810972
0.924066667,b0,1,1621.425362944,1.650000000000,1,QPSK 2/3,5524079200.000000,5524079200.000000,268.353221940,20585104.810972
0.926833333,a-r0,1,1619.365566397,0.392298752106,0,QPSK 1/4,2048126311.111111,2048126311.111111,139.142011836,14719683.035286
0.926833333,a-r0,2,1619.365566397,0.628951166019,0,QPSK 2/5,3297987911.111111,1648993955.555555,171.872862310,19188531.957819
0.926833333,a-r0,4,1619.365566397,1.650000000000,1,QPSK 2/3,5524079200.000000,1381019800.000000,268.353221940,20585104.810972
0.926833333,b0,1,1619.365566397,1.650000000000,1,QPSK 2/3,5524079200.000000,5524079200.000000,268.353221940,20585104.810972
0.929600000,a-r0,1,1617.301988028,0.392799301308,0,QPSK 1/4,2048126311.111111,2048126311.111111,139.220430891,14711391.841013
0.929600000,a-r0,2,1617.301988028,0.629753669219,0,QPSK 2/5,3297987911.111111,1648993955.555555,171.972155990,19177452.838990
0.929600000,a-r0,4,1617.301988028,1.650000000000,1,QPSK 2/3,5524079200.000000,1381019800.000000,268.353221940,20585104.810972
0.929600000,b0,1,1617.301988028,1.650000000000,1,QPSK 2/3,5524079200.000000,5524079200.000000,268.353221940,20585104.810972
0.932366667,a-r0,1,1615.234646617,0.393302045763,0,QPSK 1/4,2048126311.111111,2048126311.111111,139.299143590,14703078.987652
0.932366667,a-r0,2,1615.234646617,0.630559691949,0,QPSK 2/5,3297987911.111111,1648993955.555555,172.071821479,19166345.092222
0.932366667,a-r0,4,1615.234646617,1.650000000000,1,QPSK 2/3,5524079200.000000,1381019800.000000,268.353221940,20585104.810972
0.932366667,b0,1,1615.234646617,1.650000000000,1,QPSK 2/3,5524079200.000000,5524079200.000000,268.353221940,20585104.810972
0.935133333,a-r0,1,1613.163560965,0.393806992839,0,QPSK 1/4,2048126311.111111,2048126311.111111,139.378150521,14694744.502266
0.935133333,a-r0,2,1613.163560965,0.631369246022,0,QPSK 2/5,3297987911.111111,1648993955.555555,172.171859524,19155208.756120
0.935133333,a-r0,4,1613.163560965,1.650000000000,1,QPSK 2/3,5524079200.000000,1381019800.000000,268.353221940,20585104.810972
0.935133333,b0,1,1613.163560965,1.650000000000,1,QPSK 2/3,5524079200.000000,5524079200.000000,268.353221940,20585104.810972
0.937900000,a-r0,1,1611.088749894,0.394314149946,0,QPSK 1/4,2048126311.111111,2048126311.111111,139.457452279,14686388.411995
0.937900000,a-r0,2,1611.088749894,0.632182343315,0,QPSK 2/5,3297987911.111111,1648993955.555555,172.272270875,19144043.869394
0.937900000,a-r0,4,1611.088749894,1.650000000000,1,QPSK 2/3,5524079200.000000,1381019800.000000,268.353221940,20585104.810972
0.937900000,b0,1,1611.088749894,1.650000000000,1,QPSK 2/3,5524079200.000000,5524079200.000000,268.353221940,20585104.810972
0.940666667,a-r0,1,1609.010232245,0.394823524531,0,QPSK 1/4,2048126311.111111,2048126311.111111,139.537049456,14678010.744054
0.940666667,a-r0,2,1609.010232245,0.632998995771,0,QPSK 2/5,3297987911.111111,1648993955.555555,172.373056285,19132850.470856
0.940666667,a-r0,4,1609.010232245,1.650000000000,1,QPSK 2/3,5524079200.000000,1381019800.000000,268.353221940,20585104.810972
0.940666667,b0,1,1609.010232245,1.650000000000,1,QPSK 2/3,5524079200.000000,5524079200.000000,268.353221940,20585104.810972
0.943433333,a-r0,1,1606.928026881,0.395335124084,0,QPSK 1/4,2048126311.111111,2048126311.111111,139.616942652,14669611.525737
0.943433333,a-r0,2,1606.928026881,0.633819215396,0,QPSK 2/5,3297987911.111111,1648993955.555555,172.474216512,19121628.599424
0.943433333,a-r0,4,1606.928026881,1.650000000000,1,QPSK 2/3,5524079200.000000,1381019800.000000,268.353221940,20585104.810972
0.943433333,b0,1,1606.928026881,1.650000000000,1,QPSK 2/3,5524079200.000000,5524079200.000000,268.353221940,20585104.810972
0.946200000,a-r0,1,1604.842152685,0.395848956135,0,QPSK 1/4,2048126311.111111,2048126311.111111,139.697132465,14661190.784412
0.946200000,a-r0,2,1604.842152685,0.634643014263,0,QPSK 2/5,3297987911.111111,1648993955.555555,172.575752314,19110378.294122
0.946200000,a-r0,4,1604.842152685,1.650000000000,1,QPSK 2/3,5524079200.000000,1381019800.000000,268.353221940,20585104.810972
0.946200000,b0,1,1604.842152685,1.650000000000,1,QPSK 2/3,5524079200.000000,5524079200.000000,268.353221940,20585104.810972
0.948966667,a-r0,1,1602.752628559,0.396365028253,0,QPSK 1/4,2048126311.111111,2048126311.111111,139.777619500,14652748.547526
0.948966667,a-r0,2,1602.752628559,0.635470404508,0,QPSK 2/5,3297987911.111111,1648993955.555555,172.677664456,19099099.594075
0.948966667,a-r0,4,1602.752628559,1.650000000000,1,QPSK 2/3,5524079200.000000,1381019800.000000,268.353221940,20585104.810972
0.948966667,b0,1,1602.752628559,1.650000000000,1,QPSK 2/3,5524079200.000000,5524079200.000000,268.353221940,20585104.810972
0.951733333,a-r0,1,1600.659473425,0.396883348050,0,QPSK 1/4,2048126311.111111,2048126311.111111,139.858404362,14644284.842601
0.951733333,a-r0,2,1600.659473425,0.636301398334,0,QPSK 2/5,3297987911.111111,1648993955.555555,172.779953704,19087792.538515
0.951733333,a-r0,4,1600.659473425,1.650000000000,1,QPSK 2/3,5524079200.000000,1381019800.000000,268.353221940,20585104.810972
0.951733333,b0,1,1600.659473425,1.650000000000,1,QPSK 2/3,5524079200.000000,5524079200.000000,268.353221940,20585104.810972
0.954500000,a-r0,1,1598.562706225,0.397403923179,0,QPSK 1/4,2048126311.111111,2048126311.111111,139.939487659,14635799.697236
0.954500000,a-r0,2,1598.562706225,0.637136008009,0,QPSK 2/5,3297987911.111111,1648993955.555555,172.882620828,19076457.166775
0.954500000,a-r0,4,1598.562706225,1.650000000000,1,QPSK 2/3,5524079200.000000,1381019800.000000,268.353221940,20585104.810972
0.954500000,b0,1,1598.562706225,1.650000000000,1,QPSK 2/3,5524079200.000000,5524079200.000000,268.353221940,20585104.810972
0.957266667,a-r0,1,1596.462345919,0.397926761333,0,QPSK 1/4,2048126311.111111,2048126311.111111,140.020870002,14627293.139106
0.957266667,a-r0,2,1596.462345919,0.637974245869,0,QPSK 2/5,3297987911.111111,1648993955.555555,172.985666603,19065093.518294
0.957266667,a-r0,4,1596.462345919,1.650000000000,1,QPSK 2/3,5524079200.000000,1381019800.000000,268.353221940,20585104.810972
0.957266667,b0,1,1596.462345919,1.650000000000,1,QPSK 2/3,5524079200.000000,5524079200.000000,268.353221940,20585104.810972
0.960033333,a-r0,1,1594.358411487,0.398451870247,0,QPSK 1/4,2048126311.111111,2048126311.111111,140.102552005,14618765.195963
0.960033333,a-r0,2,1594.358411487,0.638816124316,0,QPSK 2/5,3297987911.111111,1648993955.555555,173.089091805,19053701.632615
0.960033333,a-r0,4,1594.358411487,1.650000000000,1,QPSK 2/3,5524079200.000000,1381019800.000000,268.353221940,20585104.810972
0.960033333,b0,1,1594.358411487,1.650000000000,1,QPSK 2/3,5524079200.000000,5524079200.000000,268.353221940,20585104.810972
0.962800000,a-r0,1,1592.250921925,0.398979257700,0,QPSK 1/4,2048126311.111111,2048126311.111111,140.184534284,14610215.895635
0.962800000,a-r0,2,1592.250921925,0.639661655818,0,QPSK 2/5,3297987911.111111,1648993955.555555,173.192897214,19042281.549383
0.962800000,a-r0,4,1592.250921925,1.650000000000,1,QPSK 2/3,5524079200.000000,1381019800.000000,268.353221940,20585104.810972
0.962800000,b0,1,1592.250921925,1.650000000000,1,QPSK 2/3,5524079200.000000,5524079200.000000,268.353221940,20585104.810972
0.965566667,a-r0,1,1590.139896250,0.399508931509,0,QPSK 1/4,2048126311.111111,2048126311.111111,140.266817458,14601645.266026
0.965566667,a-r0,2,1590.139896250,0.640510852912,0,QPSK 2/5,3297987911.111111,1648993955.555555,173.297083616,19030833.308348
0.965566667,a-r0,4,1590.139896250,1.650000000000,1,QPSK 2/3,5524079200.000000,1381019800.000000,268.353221940,20585104.810972
0.965566667,b0,1,1590.139896250,1.650000000000,1,QPSK 2/3,5524079200.000000,5524079200.000000,268.353221940,20585104.810972
0.968333333,a-r0,1,1588.025353496,0.400040899538,0,QPSK 1/4,2048126311.111111,2048126311.111111,140.349402149,14593053.335117
0.968333333,a-r0,2,1588.025353496,0.641363728201,0,QPSK 2/5,3297987911.111111,1648993955.555555,173.401651796,19019356.949362
0.968333333,a-r0,4,1588.025353496,1.650000000000,1,QPSK 2/3,5524079200.000000,1381019800.000000,268.353221940,20585104.810972
0.968333333,b0,1,1588.025353496,1.650000000000,1,QPSK 2/3,5524079200.000000,5524079200.000000,268.353221940,20585104.810972
0.971100000,a-r0,1,1585.907312715,0.400575169689,0,QPSK 1/4,2048126311.111111,2048126311.111111,140.432288982,14584440.130964
0.971100000,a-r0,2,1585.907312715,0.642220294358,0,QPSK 2/5,3297987911.111111,1648993955.555555,173.506602546,19007852.512383
0.971100000,a-r0,4,1585.907312715,1.650000000000,1,QPSK 2/3,5524079200.000000,1381019800.000000,268.353221940,20585104.810972
0.971100000,b0,1,1585.907312715,1.650000000000,1,QPSK 2/3,5524079200.000000,5524079200.000000,268.353221940,20585104.810972
0.973866667,a-r0,1,1583.785792975,0.401111749909,0,QPSK 1/4,2048126311.111111,2048126311.111111,140.515478584,14575805.681700
0.973866667,a-r0,2,1583.785792975,0.643080564123,0,QPSK 2/5,3297987911.111111,1648993955.555555,173.611936660,18996320.037470
0.973866667,a-r0,4,1583.785792975,1.650000000000,1,QPSK 2/3,5524079200.000000,1381019800.000000,268.353221940,20585104.810972
0.973866667,b0,1,1583.785792975,1.650000000000,1,QPSK 2/3,5524079200.000000,5524079200.000000,268.353221940,20585104.810972
0.976633333,a-r0,1,1581.660813363,0.401650648188,0,QPSK 1/4,2048126311.111111,2048126311.111111,140.598971585,14567150.015533
0.976633333,a-r0,2,1581.660813363,0.643944550305,0,QPSK 2/5,3297987911.111111,1648993955.555555,173.717654936,18984759.564785
0.976633333,a-r0,4,1581.660813363,1.650000000000,1,QPSK 2/3,5524079200.000000,1381019800.000000,268.353221940,20585104.810972
0.976633333,b0,1,1581.660813363,1.650000000000,1,QPSK 2/3,5524079200.000000,5524079200.000000,268.353221940,20585104.810972
0.979400000,a-r0,1,1579.532392983,0.402191872559,0,QPSK 1/4,2048126311.111111,2048126311.111111,140.682768618,14558473.160750
0.979400000,a-r0,2,1579.532392983,0.644812265783,0,QPSK 2/5,3297987911.111111,1648993955.555555,173.823758175,18973171.134594
0.979400000,a-r0,4,1579.532392983,1.650000000000,1,QPSK 2/3,5524079200.000000,1381019800.000000,268.353221940,20585104.810972
0.979400000,b0,1,1579.532392983,1.650000000000,1,QPSK 2/3,5524079200.000000,5524079200.000000,268.353221940,20585104.810972
0.982166667,a-r0,1,1577.400550953,0.402735431097,0,QPSK 1/4,2048126311.111111,2048126311.111111,140.766870319,14549775.145710
0.982166667,a-r0,2,1577.400550953,0.645683723504,0,QPSK 2/5,3297987911.111111,1648993955.555555,173.930247182,18961554.787265
0.982166667,a-r0,4,1577.400550953,1.650000000000,1,QPSK 2/3,5524079200.000000,1381019800.000000,268.353221940,20585104.810972
0.982166667,b0,1,1577.400550953,1.650000000000,1,QPSK 2/3,5524079200.000000,5524079200.000000,268.353221940,20585104.810972
0.984933333,a-r0,1,1575.265306411,0.403281331923,0,QPSK 1/4,2048126311.111111,2048126311.111111,140.851277326,14541055.998850
0.984933333,a-r0,2,1575.265306411,0.646558936486,0,QPSK 2/5,3297987911.111111,1648993955.555555,174.037122766,18949910.563270
0.984933333,a-r0,4,1575.265306411,1.650000000000,1,QPSK 2/3,5524079200.000000,1381019800.000000,268.353221940,20585104.810972
0.984933333,b0,1,1575.265306411,1.650000000000,1,QPSK 2/3,5524079200.000000,5524079200.000000,268.353221940,20585104.810972
0.987700000,a-r0,1,1573.126678509,0.403829583199,0,QPSK 1/4,2048126311.111111,2048126311.111111,140.935990281,14532315.748683
0.987700000,a-r0,2,1573.126678509,0.647437917817,0,QPSK 2/5,3297987911.111111,1648993955.555555,174.144385739,18938238.503183
0.987700000,a-r0,4,1573.126678509,1.650000000000,1,QPSK 2/3,5524079200.000000,1381019800.000000,268.353221940,20585104.810972
0.987700000,b0,1,1573.126678509,1.650000000000,1,QPSK 2/3,5524079200.000000,5524079200.000000,268.353221940,20585104.810972
0.990466667,a-r0,1,1570.984686414,0.404380193133,0,QPSK 1/4,2048126311.111111,2048126311.111111,141.021009826,14523554.423798
0.990466667,a-r0,2,1570.984686414,0.648320680656,0,QPSK 2/5,3297987911.111111,1648993955.555555,174.252036915,18926538.647681
0.990466667,a-r0,4,1570.984686414,1.650000000000,1,QPSK 2/3,5524079200.000000,1381019800.000000,268.353221940,20585104.810972
0.990466667,b0,1,1570.984686414,1.650000000000,1,QPSK 2/3,5524079200.000000,5524079200.000000,268.353221940,20585104.810972
0.993233333,a-r0,1,1568.839349312,0.404933169977,0,QPSK 1/4,2048126311.111111,2048126311.111111,141.106336610,14514772.052858
0.993233333,a-r0,2,1568.839349312,0.649207238232,0,QPSK 2/5,3297987911.111111,1648993955.555555,174.360077114,18914811.037542
0.993233333,a-r0,4,1568.839349312,1.650000000000,1,QPSK 2/3,5524079200.000000,1381019800.000000,268.353221940,20585104.810972
0.993233333,b0,1,1568.839349312,1.650000000000,1,QPSK 2/3,5524079200.000000,5524079200.000000,268.353221940,20585104.810972
0.996000000,a-r0,1,1566.690686402,0.405488522026,0,QPSK 1/4,2048126311.111111,2048126311.111111,141.191971282,14505968.664604
0.996000000,a-r0,2,1566.690686402,0.650097603845,0,QPSK 2/5,3297987911.111111,1648993955.555555,174.468507159,18903055.713648
0.996000000,a-r0,4,1566.690686402,1.650000000000,1,QPSK 2/3,5524079200.000000,1381019800.000000,268.353221940,20585104.810972
0.996000000,b0,1,1566.690686402,1.650000000000,1,QPSK 2/3,5524079200.000000,5524079200.000000,268.353221940,20585104.810972
0.998766667,a-r0,1,1564.538716897,0.406046257623,0,QPSK 1/4,2048126311.111111,2048126311.111111,141.277914494,14497144.287850
0.998766667,a-r0,2,1564.538716897,0.650991790869,0,QPSK 2/5,3297987911.111111,1648993955.555555,174.577327876,18891272.716983
0.998766667,a-r0,4,1564.538716897,1.650000000000,1,QPSK 2/3,5524079200.000000,1381019800.000000,268.353221940,20585104.810972
0.998766667,b0,1,1564.538716897,1.650000000000,1,QPSK 2/3,5524079200.000000,5524079200.000000,268.353221940,20585104.810972
1.001533333,a-r0,1,1562.383460026,0.406606385151,0,QPSK 1/4,2048126311.111111,2048126311.111111,141.364166902,14488298.951489
1.001533333,a-r0,2,1562.383460026,0.651889812747,0,QPSK 2/5,3297987911.111111,1648993955.555555,174.686540095,18879462.088632
1.001533333,a-r0,4,1562.383460026,1.650000000000,1,QPSK 2/3,5524079200.000000,1381019800.000000,268.353221940,20585104.810972
1.001533333,b0,1,1562.383460026,1.650000000000,1,QPSK 2/3,5524079200.000000,5524079200.000000,268.353221940,20585104.810972
1.004300000,a-r0,1,1560.224935035,0.407168913043,0,QPSK 1/4,2048126311.111111,2048126311.111111,141.450729165,14479432.684487
1.004300000,a-r0,2,1560.224935035,0.652791682998,0,QPSK 2/5,3297987911.111111,1648993955.555555,174.796144648,18867623.869784
1.004300000,a-r0,4,1560.224935035,1.650000000000,1,QPSK 2/3,5524079200.000000,1381019800.000000,268.353221940,20585104.810972
1.004300000,b0,1,1560.224935035,1.650000000000,1,QPSK 2/3,5524079200.000000,5524079200.000000,268.353221940,20585104.810972
1.007066667,a-r0,1,1558.063161180,0.407733849776,0,QPSK 1/4,2048126311.111111,2048126311.111111,141.537601942,14470545.515886
1.007066667,a-r0,2,1558.063161180,0.653697415209,0,QPSK 2/5,3297987911.111111,1648993955.555555,174.906142374,18855758.101727
1.007066667,a-r0,4,1558.063161180,1.650000000000,1,QPSK 2/3,5524079200.000000,1381019800.000000,268.353221940,20585104.810972
1.007066667,b0,1,1558.063161180,1.650000000000,1,QPSK 2/3,5524079200.000000,5524079200.000000,268.353221940,20585104.810972
1.009833333,a-r0,1,1555.898157733,0.408301203870,0,QPSK 1/4,2048126311.111111,2048126311.111111,141.624785899,14461637.474804
1.009833333,a-r0,2,1555.898157733,0.654607023046,0,QPSK 2/5,3297987911.111111,1648993955.555555,175.016534113,18843864.825853
1.009833333,a-r0,4,1555.898157733,1.650000000000,1,QPSK 2/3,5524079200.000000,1381019800.000000,268.353221940,20585104.810972
1.009833333,b0,1,1555.898157733,1.650000000000,1,QPSK 2/3,5524079200.000000,5524079200.000000,268.353221940,20585104.810972
1.012600000,a-r0,1,1553.729943981,0.408870983894,0,QPSK 1/4,2048126311.111111,2048126311.111111,141.712281701,14452708.590433
1.012600000,a-r0,2,1553.729943981,0.655520520243,0,QPSK 2/5,3297987911.111111,1648993955.555555,175.127320709,18831944.083655
1.012600000,a-r0,4,1553.729943981,1.650000000000,1,QPSK 2/3,5524079200.000000,1381019800.000000,268.353221940,20585104.810972
1.012600000,b0,1,1553.729943981,1.650000000000,1,QPSK 2/3,5524079200.000000,5524079200.000000,268.353221940,20585104.810972
1.015366667,a-r0,1,1551.558539223,0.409443198463,0,QPSK 1/4,2048126311.111111,2048126311.111111,141.800090019,14443758.892043
1.015366667,a-r0,2,1551.558539223,0.656437920613,0,QPSK 2/5,3297987911.111111,1648993955.555555,175.238503011,18819995.916727
1.015366667,a-r0,4,1551.558539223,1.650000000000,1,QPSK 2/3,5524079200.000000,1381019800.000000,268.353221940,20585104.810972
1.015366667,b0,1,1551.558539223,1.650000000000,1,QPSK 2/3,5524079200.000000,5524079200.000000,268.353221940,20585104.810972
1.018133333,a-r0,1,1549.383962770,0.410017856236,0,QPSK 1/4,2048126311.111111,2048126311.111111,141.888211526,14434788.408977
1.018133333,a-r0,2,1549.383962770,0.657359238039,0,QPSK 2/5,3297987911.111111,1648993955.555555,175.350081869,18808020.366767
1.018133333,a-r0,4,1549.383962770,1.650000000000,1,QPSK 2/3,5524079200.000000,1381019800.000000,268.353221940,20585104.810972
1.018133333,b0,1,1549.383962770,1.650000000000,1,QPSK 2/3,5524079200.000000,5524079200.000000,268.353221940,20585104.810972
1.020900000,a-r0,1,1547.206233949,0.410594965921,0,QPSK 1/4,2048126311.111111,2048126311.111111,141.976646897,14425797.170654
1.020900000,a-r0,2,1547.206233949,0.658284486482,0,QPSK 2/5,3297987911.111111,1648993955.555555,175.462058141,18796017.475570
1.020900000,a-r0,4,1547.206233949,1.650000000000,1,QPSK 2/3,5524079200.000000,1381019800.000000,268.353221940,20585104.810972
1.020900000,b0,1,1547.206233949,1.650000000000,1,QPSK 2/3,5524079200.000000,5524079200.000000,268.353221940,20585104.810972
1.023666667,a-r0,1,1545.025372098,0.411174536272,0,QPSK 1/4,2048126311.111111,2048126311.111111,142.065396811,14416785.206567
1.023666667,a-r0,2,1545.025372098,0.659213679976,0,QPSK 2/5,3297987911.111111,1648993955.555555,175.574432684,18783987.285036
1.023666667,a-r0,4,1545.025372098,1.650000000000,1,QPSK 2/3,5524079200.000000,1381019800.000000,268.353221940,20585104.810972
1.023666667,b0,1,1545.025372098,1.650000000000,1,QPSK 2/3,5524079200.000000,5524079200.000000,268.353221940,20585104.810972
1.026433333,a-r0,1,1542.841396567,0.411756576091,0,QPSK 1/4,2048126311.111111,2048126311.111111,142.154461949,14407752.546286
1.026433333,a-r0,2,1542.841396567,0.660146832631,0,QPSK 2/5,3297987911.111111,1648993955.555555,175.687206362,18771929.837163
1.026433333,a-r0,4,1542.841396567,1.650000000000,1,QPSK 2/3,5524079200.000000,1381019800.000000,268.353221940,20585104.810972
1.026433333,b0,1,1542.841396567,1.650000000000,1,QPSK 2/3,5524079200.000000,5524079200.000000,268.353221940,20585104.810972
1.029200000,a-r0,1,1540.654326719,0.412341094225,0,QPSK 1/4,2048126311.111111,2048126311.111111,142.243842995,14398699.219456
1.029200000,a-r0,2,1540.654326719,0.661083958635,0,QPSK 2/5,3297987911.111111,1648993955.555555,175.800380041,18759845.174053
1.029200000,a-r0,4,1540.654326719,1.650000000000,1,QPSK 2/3,5524079200.000000,1381019800.000000,268.353221940,20585104.810972
1.029200000,b0,1,1540.654326719,1.650000000000,1,QPSK 2/3,5524079200.000000,5524079200.000000,268.353221940,20585104.810972
1.031966667,a-r0,1,1538.464181929,0.412928099571,0,QPSK 1/4,2048126311.111111,2048126311.111111,142.333540638,14389625.255795
1.031966667,a-r0,2,1538.464181929,0.662025072251,0,QPSK 2/5,3297987911.111111,1648993955.555555,175.913954592,18747733.337907
1.031966667,a-r0,4,1538.464181929,1.650000000000,1,QPSK 2/3,5524079200.000000,1381019800.000000,268.353221940,20585104.810972
1.031966667,b0,1,1538.464181929,1.650000000000,1,QPSK 2/3,5524079200.000000,5524079200.000000,268.353221940,20585104.810972
1.034733333,a-r0,1,1536.270981582,0.413517601073,0,QPSK 1/4,2048126311.111111,2048126311.111111,142.423555567,14380530.685098
1.034733333,a-r0,2,1536.270981582,0.662970187816,0,QPSK 2/5,3297987911.111111,1648993955.555555,176.027930889,18735594.371026
1.034733333,a-r0,4,1536.270981582,1.650000000000,1,QPSK 2/3,5524079200.000000,1381019800.000000,268.353221940,20585104.810972
1.034733333,b0,1,1536.270981582,1.650000000000,1,QPSK 2/3,5524079200.000000,5524079200.000000,268.353221940,20585104.810972
1.037500000,a-r0,1,1534.074745077,0.414109607723,0,QPSK 1/4,2048126311.111111,2048126311.111111,142.513888476,14371415.537233
1.037500000,a-r0,2,1534.074745077,0.663919319749,0,QPSK 2/5,3297987911.111111,1648993955.555555,176.142309810,18723428.315813
1.037500000,a-r0,4,1534.074745077,1.650000000000,1,QPSK 2/3,5524079200.000000,1381019800.000000,268.353221940,20585104.810972
1.037500000,b0,1,1534.074745077,1.650000000000,1,QPSK 2/3,5524079200.000000,5524079200.000000,268.353221940,20585104.810972
1.040266667,a-r0,1,1531.875491823,0.414704128562,0,QPSK 1/4,2048126311.111111,2048126311.111111,142.604540061,14362279.842145
1.040266667,a-r0,2,1531.875491823,0.664872482544,0,QPSK 2/5,3297987911.111111,1648993955.555555,176.257092237,18711235.214771
1.040266667,a-r0,4,1531.875491823,1.650000000000,1,QPSK 2/3,5524079200.000000,1381019800.000000,268.353221940,20585104.810972
1.040266667,b0,1,1531.875491823,1.650000000000,1,QPSK 2/3,5524079200.000000,5524079200.000000,268.353221940,20585104.810972
1.043033333,a-r0,1,1529.673241238,0.415301172679,0,QPSK 1/4,2048126311.111111,2048126311.111111,142.695511021,14353123.629852
1.043033333,a-r0,2,1529.673241238,0.665829690772,0,QPSK 2/5,3297987911.111111,1648993955.555555,176.372279054,18699015.110504
1.043033333,a-r0,4,1529.673241238,1.650000000000,1,QPSK 2/3,5524079200.000000,1381019800.000000,268.353221940,20585104.810972
1.043033333,b0,1,1529.673241238,1.650000000000,1,QPSK 2/3,5524079200.000000,5524079200.000000,268.353221940,20585104.810972
1.045800000,a-r0,1,1527.468012754,0.415900749212,0,QPSK 1/4,2048126311.111111,2048126311.111111,142.786802060,14343946.930447
1.045800000,a-r0,2,1527.468012754,0.666790959085,0,QPSK 2/5,3297987911.111111,1648993955.555555,176.487871153,18686768.045714
1.045800000,a-r0,4,1527.468012754,1.650000000000,1,QPSK 2/3,5524079200.000000,1381019800.000000,268.353221940,20585104.810972
1.045800000,b0,1,1527.468012754,1.650000000000,1,QPSK 2/3,5524079200.000000,5524079200.000000,268.353221940,20585104.810972
1.048566667,a-r0,1,1525.259825810,0.416502867349,0,QPSK 1/4,2048126311.111111,2048126311.111111,142.878413881,14334749.774098
1.048566667,a-r0,2,1525.259825810,0.667756302212,0,QPSK 2/5,3297987911.111111,1648993955.555555,176.603869425,18674494.063206
1.048566667,a-r0,4,1525.259825810,1.650000000000,1,QPSK 2/3,5524079200.000000,1381019800.000000,268.353221940,20585104.810972
1.048566667,b0,1,1525.259825810,1.650000000000,1,QPSK 2/3,5524079200.000000,5524079200.000000,268.353221940,20585104.810972
1.051333333,a-r0,1,1523.048699858,0.417107536326,0,QPSK 1/4,2048126311.111111,2048126311.111111,142.970347195,14325532.191049
1.051333333,a-r0,2,1523.048699858,0.668725734963,0,QPSK 2/5,3297987911.111111,1648993955.555555,176.720274768,18662193.205883
1.051333333,a-r0,4,1523.048699858,1.650000000000,1,QPSK 2/3,5524079200.000000,1381019800.000000,268.353221940,20585104.810972
1.051333333,b0,1,1523.048699858,1.650000000000,1,QPSK 2/3,5524079200.000000,5524079200.000000,268.353221940,20585104.810972
1.054100000,a-r0,1,1520.834654357,0.417714765429,0,QPSK 1/4,2048126311.111111,2048126311.111111,143.062602712,14316294.211615
1.054100000,a-r0,2,1520.834654357,0.669699272224,0,QPSK 2/5,3297987911.111111,1648993955.555555,176.837088082,18649865.516749
1.054100000,a-r0,4,1520.834654357,1.650000000000,1,QPSK 2/3,5524079200.000000,1381019800.000000,268.353221940,20585104.810972
1.054100000,b0,1,1520.834654357,1.650000000000,1,QPSK 2/3,5524079200.000000,5524079200.000000,268.353221940,20585104.810972
1.056866667,a-r0,1,1518.617708777,0.418324563996,0,QPSK 1/4,2048126311.111111,2048126311.111111,143.155181148,14307035.866189
1.056866667,a-r0,2,1518.617708777,0.670676928966,0,QPSK 2/5,3297987911.111111,1648993955.555555,176.954310274,18637511.038906
1.056866667,a-r0,4,1518.617708777,1.650000000000,1,QPSK 2/3,5524079200.000000,1381019800.000000,268.353221940,20585104.810972
1.056866667,b0,1,1518.617708777,1.650000000000,1,QPSK 2/3,5524079200.000000,5524079200.000000,268.353221940,20585104.810972
1.059633333,a-r0,1,1516.397882599,0.418936941413,0,QPSK 1/4,2048126311.111111,2048126311.111111,143.248083219,14297757.185237
1.059633333,a-r0,2,1516.397882599,0.671658720237,0,QPSK 2/5,3297987911.111111,1648993955.555555,177.071942251,18625129.815557
1.059633333,a-r0,4,1516.397882599,1.650000000000,1,QPSK 2/3,5524079200.000000,1381019800.000000,268.353221940,20585104.810972
1.059633333,b0,1,1516.397882599,1.650000000000,1,QPSK 2/3,5524079200.000000,5524079200.000000,268.353221940,20585104.810972
1.062400000,a-r0,1,1514.175195309,0.419551907117,0,QPSK 1/4,2048126311.111111,2048126311.111111,143.341309646,14288458.199298
1.062400000,a-r0,2,1514.175195309,0.672644661167,0,QPSK 2/5,3297987911.111111,1648993955.555555,177.189984925,18612721.890005
1.062400000,a-r0,4,1514.175195309,1.650000000000,1,QPSK 2/3,5524079200.000000,1381019800.000000,268.353221940,20585104.810972
1.062400000,b0,1,1514.175195309,1.650000000000,1,QPSK 2/3,5524079200.000000,5524079200.000000,268.353221940,20585104.810972
1.065166667,a-r0,1,1511.949666404,0.420169470596,0,QPSK 1/4,2048126311.111111,2048126311.111111,143.434861154,14279138.938988
1.065166667,a-r0,2,1511.949666404,0.673634766969,0,QPSK 2/5,3297987911.111111,1648993955.555555,177.308439215,18600287.305651
1.065166667,a-r0,4,1511.949666404,1.650000000000,1,QPSK 2/3,5524079200.000000,1381019800.000000,268.353221940,20585104.810972
1.065166667,b0,1,1511.949666404,1.650000000000,1,QPSK 2/3,5524079200.000000,5524079200.000000,268.353221940,20585104.810972
1.067933333,a-r0,1,1509.721315391,0.420789641390,0,QPSK 1/4,2048126311.111111,2048126311.111111,143.528738469,14269799.434994
1.067933333,a-r0,2,1509.721315391,0.674629052934,0,QPSK 2/5,3297987911.111111,1648993955.555555,177.427306039,18587826.105996
1.067933333,a-r0,4,1509.721315391,1.650000000000,1,QPSK 2/3,5524079200.000000,1381019800.000000,268.353221940,20585104.810972
1.067933333,b0,1,1509.721315391,1.650000000000,1,QPSK 2/3,5524079200.000000,5524079200.000000,268.353221940,20585104.810972
1.070700000,a-r0,1,1507.490161782,0.421412429087,0,QPSK 1/4,2048126311.111111,2048126311.111111,143.622942322,14260439.718081
1.070700000,a-r0,2,1507.490161782,0.675627534439,0,QPSK 2/5,3297987911.111111,1648993955.555555,177.546586323,18575338.334639
1.070700000,a-r0,4,1507.490161782,1.650000000000,1,QPSK 2/3,5524079200.000000,1381019800.000000,268.353221940,20585104.810972
1.070700000,b0,1,1507.490161782,1.650000000000,1,QPSK 2/3,5524079200.000000,5524079200.000000,268.353221940,20585104.810972
1.073466667,a-r0,1,1505.256225099,0.422037843331,0,QPSK 1/4,2048126311.111111,2048126311.111111,143.717473445,14251059.819085
1.073466667,a-r0,2,1505.256225099,0.676630226943,0,QPSK 2/5,3297987911.111111,1648993955.555555,177.666280995,18562824.035280
1.073466667,a-r0,4,1505.256225099,1.650000000000,1,QPSK 2/3,5524079200.000000,1381019800.000000,268.353221940,20585104.810972
1.073466667,b0,1,1505.256225099,1.650000000000,1,QPSK 2/3,5524079200.000000,5524079200.000000,268.353221940,20585104.810972
1.076233333,a-r0,1,1503.019524871,0.422665893815,0,QPSK 1/4,2048126311.111111,2048126311.111111,143.812332575,14241659.768917
1.076233333,a-r0,2,1503.019524871,0.677637145987,0,QPSK 2/5,3297987911.111111,1648993955.555555,177.786390987,18550283.251715
1.076233333,a-r0,4,1503.019524871,1.650000000000,1,QPSK 2/3,5524079200.000000,1381019800.000000,268.353221940,20585104.810972
1.076233333,b0,1,1503.019524871,1.650000000000,1,QPSK 2/3,5524079200.000000,5524079200.000000,268.353221940,20585104.810972
1.079000000,a-r0,1,1500.780080635,0.423296590286,0,QPSK 1/4,2048126311.111111,2048126311.111111,143.907520452,14232239.598562
1.079000000,a-r0,2,1500.780080635,0.678648307196,0,QPSK 2/5,3297987911.111111,1648993955.555555,177.906917236,18537716.027841
1.079000000,a-r0,4,1500.780080635,1.650000000000,1,QPSK 2/3,5524079200.000000,1381019800.000000,268.353221940,20585104.810972
1.079000000,b0,1,1500.780080635,1.650000000000,1,QPSK 2/3,5524079200.000000,5524079200.000000,268.353221940,20585104.810972
1.081766667,a-r0,1,1498.537911935,0.423929942541,0,QPSK 1/4,2048126311.111111,2048126311.111111,144.003037819,14222799.339079
1.081766667,a-r0,2,1498.537911935,0.679663726279,0,QPSK 2/5,3297987911.111111,1648993955.555555,178.027860682,18525122.407653
1.081766667,a-r0,4,1498.537911935,1.650000000000,1,QPSK 2/3,5524079200.000000,1381019800.000000,268.353221940,20585104.810972
1.081766667,b0,1,1498.537911935,1.650000000000,1,QPSK 2/3,5524079200.000000,5524079200.000000,268.353221940,20585104.810972
1.084533333,a-r0,1,1496.293038320,0.424565960432,0,QPSK 1/4,2048126311.111111,2048126311.111111,144.098885420,14213339.021601
1.084533333,a-r0,2,1496.293038320,0.680683419031,0,QPSK 2/5,3297987911.111111,1648993955.555555,178.149222270,18512502.435244
1.084533333,a-r0,4,1496.293038320,1.650000000000,1,QPSK 2/3,5524079200.000000,1381019800.000000,268.353221940,20585104.810972
1.084533333,b0,1,1496.293038320,1.650000000000,1,QPSK 2/3,5524079200.000000,5524079200.000000,268.353221940,20585104.810972
1.087300000,a-r0,1,1494.045479349,0.425204653862,0,QPSK 1/4,2048126311.111111,2048126311.111111,144.195064006,14203858.677335
1.087300000,a-r0,2,1494.045479349,0.681707401330,0,QPSK 2/5,3297987911.111111,1648993955.555555,178.271002948,18499856.154805
1.087300000,a-r0,4,1494.045479349,1.650000000000,1,QPSK 2/3,5524079200.000000,1381019800.000000,268.353221940,20585104.810972
1.087300000,b0,1,1494.045479349,1.650000000000,1,QPSK 2/3,5524079200.000000,5524079200.000000,268.353221940,20585104.810972
1.090066667,a-r0,1,1491.795254585,0.425846032791,0,QPSK 1/4,2048126311.111111,2048126311.111111,144.291574329,14194358.337561
1.090066667,a-r0,2,1491.795254585,0.682735689141,0,QPSK 2/5,3297987911.111111,1648993955.555555,178.393203669,18487183.610627
1.090066667,a-r0,4,1491.795254585,1.650000000000,1,QPSK 2/3,5524079200.000000,1381019800.000000,268.353221940,20585104.810972
1.090066667,b0,1,1491.795254585,1.650000000000,1,QPSK 2/3,5524079200.000000,5524079200.000000,268.353221940,20585104.810972
1.092833333,a-r0,1,1489.542383598,0.426490107228,0,QPSK 1/4,2048126311.111111,2048126311.111111,144.388417143,14184838.033632
1.092833333,a-r0,2,1489.542383598,0.683768298513,0,QPSK 2/5,3297987911.111111,1648993955.555555,178.515825389,18474484.847097
1.092833333,a-r0,4,1489.542383598,1.650000000000,1,QPSK 2/3,5524079200.000000,1381019800.000000,268.353221940,20585104.810972
1.092833333,b0,1,1489.542383598,1.650000000000,1,QPSK 2/3,5524079200.000000,5524079200.000000,268.353221940,20585104.810972
1.095600000,a-r0,1,1487.286885963,0.427136887239,0,QPSK 1/4,2048126311.111111,2048126311.111111,144.485593209,14175297.796976
1.095600000,a-r0,2,1487.286885963,0.684805245584,0,QPSK 2/5,3297987911.111111,1648993955.555555,178.638869069,18461759.908700
1.095600000,a-r0,4,1487.286885963,1.650000000000,1,QPSK 2/3,5524079200.000000,1381019800.000000,268.353221940,20585104.810972
1.095600000,b0,1,1487.286885963,1.650000000000,1,QPSK 2/3,5524079200.000000,5524079200.000000,268.353221940,20585104.810972
1.098366667,a-r0,1,1485.028781261,0.427786382943,0,QPSK 1/4,2048126311.111111,2048126311.111111,144.583103288,14165737.659094
1.098366667,a-r0,2,1485.028781261,0.685846546578,0,QPSK 2/5,3297987911.111111,1648993955.555555,178.762335674,18449008.840020
1.098366667,a-r0,4,1485.028781261,1.650000000000,1,QPSK 2/3,5524079200.000000,1381019800.000000,268.353221940,20585104.810972
1.098366667,b0,1,1485.028781261,1.650000000000,1,QPSK 2/3,5524079200.000000,5524079200.000000,268.353221940,20585104.810972
1.101133333,a-r0,1,1482.768089080,0.428438604513,0,QPSK 1/4,2048126311.111111,2048126311.111111,144.680948145,14156157.651561
1.101133333,a-r0,2,1482.768089080,0.686892217804,0,QPSK 2/5,3297987911.111111,1648993955.555555,178.886226173,18436231.685738
1.101133333,a-r0,4,1482.768089080,1.650000000000,1,QPSK 2/3,5524079200.000000,1381019800.000000,268.353221940,20585104.810972
1.101133333,b0,1,1482.768089080,1.650000000000,1,QPSK 2/3,5524079200.000000,5524079200.000000,268.353221940,20585104.810972
1.103900000,a-r0,1,1480.504829009,0.429093562178,0,QPSK 1/4,2048126311.111111,2048126311.111111,144.779128548,14146557.806024
1.103900000,a-r0,2,1480.504829009,0.687942275661,0,QPSK 2/5,3297987911.111111,1648993955.555555,179.010541539,18423428.490632
1.103900000,a-r0,4,1480.504829009,1.650000000000,1,QPSK 2/3,5524079200.000000,1381019800.000000,268.353221940,20585104.810972
1.103900000,b0,1,1480.504829009,1.650000000000,1,QPSK 2/3,5524079200.000000,5524079200.000000,268.353221940,20585104.810972
1.106666667,a-r0,1,1478.239020647,0.429751266222,0,QPSK 1/4,2048126311.111111,2048126311.111111,144.877645270,14136938.154204
1.106666667,a-r0,2,1478.239020647,0.688996736638,0,QPSK 2/5,3297987911.111111,1648993955.555555,179.135282749,18410599.299579
1.106666667,a-r0,4,1478.239020647,1.650000000000,1,QPSK 2/3,5524079200.000000,1381019800.000000,268.353221940,20585104.810972
1.106666667,b0,1,1478.239020647,1.650000000000,1,QPSK 2/3,5524079200.000000,5524079200.000000,268.353221940,20585104.810972
1.109433333,a-r0,1,1475.970683592,0.430411726983,0,QPSK 1/4,2048126311.111111,2048126311.111111,144.976499086,14127298.727896
1.109433333,a-r0,2,1475.970683592,0.690055617309,0,QPSK 2/5,3297987911.111111,1648993955.555555,179.260450785,18397744.157552
1.109433333,a-r0,4,1475.970683592,1.650000000000,1,QPSK 2/3,5524079200.000000,1381019800.000000,268.353221940,20585104.810972
1.109433333,b0,1,1475.970683592,1.650000000000,1,QPSK 2/3,5524079200.000000,5524079200.000000,268.353221940,20585104.810972
1.112200000,a-r0,1,1473.699837452,0.431074954856,0,QPSK 1/4,2048126311.111111,2048126311.111111,145.075690774,14117639.558968
1.112200000,a-r0,2,1473.699837452,0.691118934340,0,QPSK 2/5,3297987911.111111,1648993955.555555,179.386046632,18384863.109620
1.112200000,a-r0,4,1473.699837452,1.650000000000,1,QPSK 2/3,5524079200.000000,1381019800.000000,268.353221940,20585104.810972
1.112200000,b0,1,1473.699837452,1.650000000000,1,QPSK 2/3,5524079200.000000,5524079200.000000,268.353221940,20585104.810972
1.114966667,a-r0,1,1471.426501834,0.431740960292,0,QPSK 1/4,2048126311.111111,2048126311.111111,145.175221115,14107960.679360
1.114966667,a-r0,2,1471.426501834,0.692186704485,0,QPSK 2/5,3297987911.111111,1648993955.555555,179.512071281,18371956.200951
1.114966667,a-r0,4,1471.426501834,1.650000000000,1,QPSK 2/3,5524079200.000000,1381019800.000000,268.353221940,20585104.810972
1.114966667,b0,1,1471.426501834,1.650000000000,1,QPSK 2/3,5524079200.000000,5524079200.000000,268.353221940,20585104.810972
1.117733333,a-r0,1,1469.150696352,0.432409753798,0,QPSK 1/4,2048126311.111111,2048126311.111111,145.275090896,14098262.121085
1.117733333,a-r0,2,1469.150696352,0.693258944590,0,QPSK 2/5,3297987911.111111,1648993955.555555,179.638525724,18359023.476809
1.117733333,a-r0,4,1469.150696352,1.650000000000,1,QPSK 2/3,5524079200.000000,1381019800.000000,268.353221940,20585104.810972
1.117733333,b0,1,1469.150696352,1.650000000000,1,QPSK 2/3,5524079200.000000,5524079200.000000,268.353221940,20585104.810972
1.120500000,a-r0,1,1466.872440621,0.433081345936,0,QPSK 1/4,2048126311.111111,2048126311.111111,145.375300903,14088543.916231
1.120500000,a-r0,2,1466.872440621,0.694335671590,0,QPSK 2/5,3297987911.111111,1648993955.555555,179.765410961,18346064.982554
1.120500000,a-r0,4,1466.872440621,1.650000000000,1,QPSK 2/3,5524079200.000000,1381019800.000000,268.353221940,20585104.810972
1.120500000,b0,1,1466.872440621,1.650000000000,1,QPSK 2/3,5524079200.000000,5524079200.000000,268.353221940,20585104.810972
1.123266667,a-r0,1,1464.591754263,0.433755747329,0,QPSK 1/4,2048126311.111111,2048126311.111111,145.475851930,14078806.096956
1.123266667,a-r0,2,1464.591754263,0.695416902514,0,QPSK 2/5,3297987911.111111,1648993955.555555,179.892727994,18333080.763644
1.123266667,a-r0,4,1464.591754263,1.650000000000,1,QPSK 2/3,5524079200.000000,1381019800.000000,268.353221940,20585104.810972
1.123266667,b0,1,1464.591754263,1.650000000000,1,QPSK 2/3,5524079200.000000,5524079200.000000,268.353221940,20585104.810972
1.126033333,a-r0,1,1462.308656897,0.434432968652,0,QPSK 1/4,2048126311.111111,2048126311.111111,145.576744771,14069048.695494
1.126033333,a-r0,2,1462.308656897,0.696502654479,0,QPSK 2/5,3297987911.111111,1648993955.555555,180.020477830,18320070.865632
1.126033333,a-r0,4,1462.308656897,1.650000000000,1,QPSK 2/3,5524079200.000000,1381019800.000000,268.353221940,20585104.810972
1.126033333,b0,1,1462.308656897,1.650000000000,1,QPSK 2/3,5524079200.000000,5524079200.000000,268.353221940,20585104.810972
1.128800000,a-r0,1,1460.023168152,0.435113020642,0,QPSK 1/4,2048126311.111111,2048126311.111111,145.677980224,14059271.744149
1.128800000,a-r0,2,1460.023168152,0.697592944697,0,QPSK 2/5,3297987911.111111,1648993955.555555,180.148661480,18307035.334168
1.128800000,a-r0,4,1460.023168152,1.650000000000,1,QPSK 2/3,5524079200.000000,1381019800.000000,268.353221940,20585104.810972
1.128800000,b0,1,1460.023168152,1.650000000000,1,QPSK 2/3,5524079200.000000,5524079200.000000,268.353221940,20585104.810972
1.131566667,a-r0,1,1457.735307653,0.435795914091,0,QPSK 1/4,2048126311.111111,2048126311.111111,145.779559092,14049475.275299
1.131566667,a-r0,2,1457.735307653,0.698687790472,0,QPSK 2/5,3297987911.111111,1648993955.555555,180.277279959,18293974.214999
1.131566667,a-r0,4,1457.735307653,1.650000000000,1,QPSK 2/3,5524079200.000000,1381019800.000000,268.353221940,20585104.810972
1.131566667,b0,1,1457.735307653,1.650000000000,1,QPSK 2/3,5524079200.000000,5524079200.000000,268.353221940,20585104.810972
1.134333333,a-r0,1,1455.445095030,0.436481659851,0,QPSK 1/4,2048126311.111111,2048126311.111111,145.881482180,14039659.321395
1.134333333,a-r0,2,1455.445095030,0.699787209201,0,QPSK 2/5,3297987911.111111,1648993955.555555,180.406334286,18280887.553966
1.134333333,a-r0,4,1455.445095030,1.650000000000,1,QPSK 2/3,5524079200.000000,1381019800.000000,268.353221940,20585104.810972
1.134333333,b0,1,1455.445095030,1.650000000000,1,QPSK 2/3,5524079200.000000,5524079200.000000,268.353221940,20585104.810972
1.137100000,a-r0,1,1453.152549916,0.437170268832,0,QPSK 1/4,2048126311.111111,2048126311.111111,145.983750297,14029823.914959
1.137100000,a-r0,2,1453.152549916,0.700891218375,0,QPSK 2/5,3297987911.111111,1648993955.555555,180.535825487,18267775.397006
1.137100000,a-r0,4,1453.152549916,1.650000000000,1,QPSK 2/3,5524079200.000000,1381019800.000000,268.353221940,20585104.810972
1.137100000,b0,1,1453.152549916,1.650000000000,1,QPSK 2/3,5524079200.000000,5524079200.000000,268.353221940,20585104.810972
1.139866667,a-r0,1,1450.857691944,0.437861752003,0,QPSK 1/4,2048126311.111111,2048126311.111111,146.086364254,14019969.088587
1.139866667,a-r0,2,1450.857691944,0.701999835581,0,QPSK 2/5,3297987911.111111,1648993955.555555,180.665754589,18254637.790154
1.139866667,a-r0,4,1450.857691944,1.650000000000,1,QPSK 2/3,5524079200.000000,1381019800.000000,268.353221940,20585104.810972
1.139866667,b0,1,1450.857691944,1.650000000000,1,QPSK 2/3,5524079200.000000,5524079200.000000,268.353221940,20585104.810972
1.142633333,a-r0,1,1448.560540749,0.438556120390,0,QPSK 1/4,2048126311.111111,2048126311.111111,146.189324868,14010094.874947
1.142633333,a-r0,2,1448.560540749,0.703113078498,0,QPSK 2/5,3297987911.111111,1648993955.555555,180.796122625,18241474.779539
1.142633333,a-r0,4,1448.560540749,1.650000000000,1,QPSK 2/3,5524079200.000000,1381019800.000000,268.353221940,20585104.810972
1.142633333,b0,1,1448.560540749,1.650000000000,1,QPSK 2/3,5524079200.000000,5524079200.000000,268.353221940,20585104.810972
1.145400000,a-r0,1,1446.261115966,0.439253385083,0,QPSK 1/4,2048126311.111111,2048126311.111111,146.292632958,14000201.306779
1.145400000,a-r0,2,1446.261115966,0.704230964901,0,QPSK 2/5,3297987911.111111,1648993955.555555,180.926930633,18228286.411384
1.145400000,a-r0,4,1446.261115966,1.650000000000,1,QPSK 2/3,5524079200.000000,1381019800.000000,268.353221940,20585104.810972
1.145400000,b0,1,1446.261115966,1.650000000000,1,QPSK 2/3,5524079200.000000,5524079200.000000,268.353221940,20585104.810972
1.148166667,a-r0,1,1443.959437233,0.439953557226,0,QPSK 1/4,2048126311.111111,2048126311.111111,146.396289346,13990288.416895
1.148166667,a-r0,2,1443.959437233,0.705353512664,0,QPSK 2/5,3297987911.111111,1648993955.555555,181.058179653,18215072.732010
1.148166667,a-r0,4,1443.959437233,1.650000000000,1,QPSK 2/3,5524079200.000000,1381019800.000000,268.353221940,20585104.810972
1.148166667,b0,1,1443.959437233,1.650000000000,1,QPSK 2/3,5524079200.000000,5524079200.000000,268.353221940,20585104.810972
1.150933333,a-r0,1,1441.655524187,0.440656648030,0,QPSK 1/4,2048126311.111111,2048126311.111111,146.500294858,13980356.238180
1.150933333,a-r0,2,1441.655524187,0.706480739753,0,QPSK 2/5,3297987911.111111,1648993955.555555,181.189870732,18201833.787832
1.150933333,a-r0,4,1441.655524187,1.650000000000,1,QPSK 2/3,5524079200.000000,1381019800.000000,268.353221940,20585104.810972
1.150933333,b0,1,1441.655524187,1.650000000000,1,QPSK 2/3,5524079200.000000,5524079200.000000,268.353221940,20585104.810972
1.153700000,a-r0,1,1439.349396466,0.441362668760,0,QPSK 1/4,2048126311.111111,2048126311.111111,146.604650324,13970404.803590
1.153700000,a-r0,2,1439.349396466,0.707612664234,0,QPSK 2/5,3297987911.111111,1648993955.555555,181.322004921,18188569.625358
1.153700000,a-r0,4,1439.349396466,1.650000000000,1,QPSK 2/3,5524079200.000000,1381019800.000000,268.353221940,20585104.810972
1.153700000,b0,1,1439.349396466,1.650000000000,1,QPSK 2/3,5524079200.000000,5524079200.000000,268.353221940,20585104.810972
1.156466667,a-r0,1,1437.041073707,0.442071630745,0,QPSK 1/4,2048126311.111111,2048126311.111111,146.709356577,13960434.146154
1.156466667,a-r0,2,1437.041073707,0.708749304269,0,QPSK 2/5,3297987911.111111,1648993955.555555,181.454583273,18175280.291195
1.156466667,a-r0,4,1437.041073707,1.650000000000,1,QPSK 2/3,5524079200.000000,1381019800.000000,268.353221940,20585104.810972
1.156466667,b0,1,1437.041073707,1.650000000000,1,QPSK 2/3,5524079200.000000,5524079200.000000,268.353221940,20585104.810972
1.159233333,a-r0,1,1434.730575549,0.442783545376,0,QPSK 1/4,2048126311.111111,2048126311.111111,146.814414453,13950444.298973
1.159233333,a-r0,2,1434.730575549,0.709890678120,0,QPSK 2/5,3297987911.111111,1648993955.555555,181.587606849,18161965.832042
1.159233333,a-r0,4,1434.730575549,1.650000000000,1,QPSK 2/3,5524079200.000000,1381019800.000000,268.353221940,20585104.810972
1.159233333,b0,1,1434.730575549,1.650000000000,1,QPSK 2/3,5524079200.000000,5524079200.000000,268.353221940,20585104.810972
1.162000000,a-r0,1,1432.417921629,0.443498424104,0,QPSK 1/4,2048126311.111111,2048126311.111111,146.919824793,13940435.295220
1.162000000,a-r0,2,1432.417921629,0.711036804146,0,QPSK 2/5,3297987911.111111,1648993955.555555,181.721076712,18148626.294691
1.162000000,a-r0,4,1432.417921629,1.650000000000,1,QPSK 2/3,5524079200.000000,1381019800.000000,268.353221940,20585104.810972
1.162000000,b0,1,1432.417921629,1.650000000000,1,QPSK 2/3,5524079200.000000,5524079200.000000,268.353221940,20585104.810972
1.164766667,a-r0,1,1430.103131584,0.444216278443,0,QPSK 1/4,2048126311.111111,2048126311.111111,147.025588440,13930407.168137
1.164766667,a-r0,2,1430.103131584,0.712187700804,0,QPSK 2/5,3297987911.111111,1648993955.555555,181.854993930,18135261.726033
1.164766667,a-r0,4,1430.103131584,1.650000000000,1,QPSK 2/3,5524079200.000000,1381019800.000000,268.353221940,20585104.810972
1.164766667,b0,1,1430.103131584,1.650000000000,1,QPSK 2/3,5524079200.000000,5524079200.000000,268.353221940,20585104.810972
1.167533333,a-r0,1,1427.786225050,0.444937119966,0,QPSK 1/4,2048126311.111111,2048126311.111111,147.131706243,13920359.951043
1.167533333,a-r0,2,1427.786225050,0.713343386655,0,QPSK 2/5,3297987911.111111,1648993955.555555,181.989359577,18121872.173048
1.167533333,a-r0,4,1427.786225050,1.650000000000,1,QPSK 2/3,5524079200.000000,1381019800.000000,268.353221940,20585104.810972
1.167533333,b0,1,1427.786225050,1.650000000000,1,QPSK 2/3,5524079200.000000,5524079200.000000,268.353221940,20585104.810972
1.170300000,a-r0,1,1425.467221661,0.445660960314,0,QPSK 1/4,2048126311.111111,2048126311.111111,147.238179051,13910293.677323
1.170300000,a-r0,2,1425.467221661,0.714503880355,0,QPSK 2/5,3297987911.111111,1648993955.555555,182.124174730,18108457.682814
1.170300000,a-r0,4,1425.467221661,1.650000000000,1,QPSK 2/3,5524079200.000000,1381019800.000000,268.353221940,20585104.810972
1.170300000,b0,1,1425.467221661,1.650000000000,1,QPSK 2/3,5524079200.000000,5524079200.000000,268.353221940,20585104.810972
1.173066667,a-r0,1,1423.146141050,0.446387811186,0,QPSK 1/4,2048126311.111111,2048126311.111111,147.345007719,13900208.380438
1.173066667,a-r0,2,1423.146141050,0.715669200666,0,QPSK 2/5,3297987911.111111,1648993955.555555,182.259440470,18095018.302502
1.173066667,a-r0,4,1423.146141050,1.650000000000,1,QPSK 2/3,5524079200.000000,1381019800.000000,268.353221940,20585104.810972
1.173066667,b0,1,1423.146141050,1.650000000000,1,QPSK 2/3,5524079200.000000,5524079200.000000,268.353221940,20585104.810972
1.175833333,a-r0,1,1420.823002850,0.447117684347,0,QPSK 1/4,2048126311.111111,2048126311.111111,147.452193105,13890104.093919
1.175833333,a-r0,2,1420.823002850,0.716839366447,0,QPSK 2/5,3297987911.111111,1648993955.555555,182.395157885,18081554.079375
1.175833333,a-r0,4,1420.823002850,1.650000000000,1,QPSK 2/3,5524079200.000000,1381019800.000000,268.353221940,20585104.810972
1.175833333,b0,1,1420.823002850,1.650000000000,1,QPSK 2/3,5524079200.000000,5524079200.000000,268.353221940,20585104.810972
1.178600000,a-r0,1,1418.497826689,0.447850591625,0,QPSK 1/4,2048126311.111111,2048126311.111111,147.559736072,13879980.851366
1.178600000,a-r0,2,1418.497826689,0.718014396662,0,QPSK 2/5,3297987911.111111,1648993955.555555,182.531328065,18068065.060792
1.178600000,a-r0,4,1418.497826689,1.650000000000,1,QPSK 2/3,5524079200.000000,1381019800.000000,268.353221940,20585104.810972
1.178600000,b0,1,1418.497826689,1.650000000000,1,QPSK 2/3,5524079200.000000,5524079200.000000,268.353221940,20585104.810972
1.181366667,a-r0,1,1416.170632194,0.448586544912,0,QPSK 1/4,2048126311.111111,2048126311.111111,147.667637484,13869838.686454
1.181366667,a-r0,2,1416.170632194,0.719194310376,0,QPSK 2/5,3297987911.111111,1648993955.555555,182.667952106,18054551.294204
1.181366667,a-r0,4,1416.170632194,1.650000000000,1,QPSK 2/3,5524079200.000000,1381019800.000000,268.353221940,20585104.810972
1.181366667,b0,1,1416.170632194,1.650000000000,1,QPSK 2/3,5524079200.000000,5524079200.000000,268.353221940,20585104.810972
1.184133333,a-r0,1,1413.841438992,0.449325556163,0,QPSK 1/4,2048126311.111111,2048126311.111111,147.775898210,13859677.632927
1.184133333,a-r0,2,1413.841438992,0.720379126759,0,QPSK 2/5,3297987911.111111,1648993955.555555,182.805031109,18041012.827156
1.184133333,a-r0,4,1413.841438992,1.650000000000,1,QPSK 2/3,5524079200.000000,1381019800.000000,268.353221940,20585104.810972
1.184133333,b0,1,1413.841438992,1.650000000000,1,QPSK 2/3,5524079200.000000,5524079200.000000,268.353221940,20585104.810972
1.186900000,a-r0,1,1411.510266704,0.450067637400,0,QPSK 1/4,2048126311.111111,2048126311.111111,147.884519124,13849497.724602
1.186900000,a-r0,2,1411.510266704,0.721568865081,0,QPSK 2/5,3297987911.111111,1648993955.555555,182.942566179,18027449.707287
1.186900000,a-r0,4,1411.510266704,1.650000000000,1,QPSK 2/3,5524079200.000000,1381019800.000000,268.353221940,20585104.810972
1.186900000,b0,1,1411.510266704,1.650000000000,1,QPSK 2/3,5524079200.000000,5524079200.000000,268.353221940,20585104.810972
1.189666667,a-r0,1,1409.177134949,0.450812800709,0,QPSK 1/4,2048126311.111111,2048126311.111111,147.993501101,13839298.995365
1.189666667,a-r0,2,1409.177134949,0.722763544722,0,QPSK 2/5,3297987911.111111,1648993955.555555,183.080558425,18013861.982327
1.189666667,a-r0,4,1409.177134949,1.650000000000,1,QPSK 2/3,5524079200.000000,1381019800.000000,268.353221940,20585104.810972
1.189666667,b0,1,1409.177134949,1.650000000000,1,QPSK 2/3,5524079200.000000,5524079200.000000,268.353221940,20585104.810972
1.192433333,a-r0,1,1406.842063343,0.451561058241,0,QPSK 1/4,2048126311.111111,2048126311.111111,148.102845022,13829081.479174
1.192433333,a-r0,2,1406.842063343,0.723963185161,0,QPSK 2/5,3297987911.111111,1648993955.555555,183.219008961,18000249.700100
1.192433333,a-r0,4,1406.842063343,1.650000000000,1,QPSK 2/3,5524079200.000000,1381019800.000000,268.353221940,20585104.810972
1.192433333,b0,1,1406.842063343,1.650000000000,1,QPSK 2/3,5524079200.000000,5524079200.000000,268.353221940,20585104.810972
1.195200000,a-r0,1,1404.505071499,0.452312422214,0,QPSK 1/4,2048126311.111111,2048126311.111111,148.212551771,13818845.210058
1.195200000,a-r0,2,1404.505071499,0.725167805987,0,QPSK 2/5,3297987911.111111,1648993955.555555,183.357918908,17986612.908523
1.195200000,a-r0,4,1404.505071499,1.650000000000,1,QPSK 2/3,5524079200.000000,1381019800.000000,268.353221940,20585104.810972
1.195200000,b0,1,1404.505071499,1.650000000000,1,QPSK 2/3,5524079200.000000,5524079200.000000,268.353221940,20585104.810972
1.197966667,a-r0,1,1402.166179025,0.453066904911,0,QPSK 1/4,2048126311.111111,2048126311.111111,148.322622235,13808590.222117
1.197966667,a-r0,2,1402.166179025,0.726377426893,0,QPSK 2/5,3297987911.111111,1648993955.555555,183.497289388,17972951.655606
1.197966667,a-r0,4,1402.166179025,1.650000000000,1,QPSK 2/3,5524079200.000000,1381019800.000000,268.353221940,20585104.810972
1.197966667,b0,1,1402.166179025,1.650000000000,1,QPSK 2/3,5524079200.000000,5524079200.000000,268.353221940,20585104.810972
1.200733333,a-r0,1,1399.825405527,0.453824518681,0,QPSK 1/4,2048126311.111111,2048126311.111111,148.433057305,13798316.549520
1.200733333,a-r0,2,1399.825405527,0.727592067678,0,QPSK 2/5,3297987911.111111,1648993955.555555,183.637121531,17959265.989449
1.200733333,a-r0,4,1399.825405527,1.650000000000,1,QPSK 2/3,5524079200.000000,1381019800.000000,268.353221940,20585104.810972
1.200733333,b0,1,1399.825405527,1.650000000000,1,QPSK 2/3,5524079200.000000,5524079200.000000,268.353221940,20585104.810972
1.203500000,a-r0,1,1397.482770605,0.454585275943,0,QPSK 1/4,2048126311.111111,2048126311.111111,148.543857877,13788024.226511
1.203500000,a-r0,2,1397.482770605,0.728811748252,0,QPSK 2/5,3297987911.111111,1648993955.555555,183.777416469,17945555.958248
1.203500000,a-r0,4,1397.482770605,1.650000000000,1,QPSK 2/3,5524079200.000000,1381019800.000000,268.353221940,20585104.810972
1.203500000,b0,1,1397.482770605,1.650000000000,1,QPSK 2/3,5524079200.000000,5524079200.000000,268.353221940,20585104.810972
1.206266667,a-r0,1,1395.138293855,0.455349189180,0,QPSK 1/4,2048126311.111111,2048126311.111111,148.655024850,13777713.287399
1.206266667,a-r0,2,1395.138293855,0.730036488628,0,QPSK 2/5,3297987911.111111,1648993955.555555,183.918175341,17931821.610288
1.206266667,a-r0,4,1395.138293855,1.650000000000,1,QPSK 2/3,5524079200.000000,1381019800.000000,268.353221940,20585104.810972
1.206266667,b0,1,1395.138293855,1.650000000000,1,QPSK 2/3,5524079200.000000,5524079200.000000,268.353221940,20585104.810972
1.209033333,a-r0,1,1392.791994868,0.456116270945,0,QPSK 1/4,2048126311.111111,2048126311.111111,148.766559125,13767383.766569
1.209033333,a-r0,2,1392.791994868,0.731266308931,0,QPSK 2/5,3297987911.111111,1648993955.555555,184.059399290,17918062.993947
1.209033333,a-r0,4,1392.791994868,1.650000000000,1,QPSK 2/3,5524079200.000000,1381019800.000000,268.353221940,20585104.810972
1.209033333,b0,1,1392.791994868,1.650000000000,1,QPSK 2/3,5524079200.000000,5524079200.000000,268.353221940,20585104.810972
1.211800000,a-r0,1,1390.443893231,0.456886533857,0,QPSK 1/4,2048126311.111111,2048126311.111111,148.878461611,13757035.698471
1.211800000,a-r0,2,1390.443893231,0.732501229395,0,QPSK 2/5,3297987911.111111,1648993955.555555,184.201089464,17904280.157695
1.211800000,a-r0,4,1390.443893231,1.650000000000,1,QPSK 2/3,5524079200.000000,1381019800.000000,268.353221940,20585104.810972
1.211800000,b0,1,1390.443893231,1.650000000000,1,QPSK 2/3,5524079200.000000,5524079200.000000,268.353221940,20585104.810972
1.214566667,a-r0,1,1388.094008524,0.457659990606,0,QPSK 1/4,2048126311.111111,2048126311.111111,148.990733216,13746669.117629
1.214566667,a-r0,2,1388.094008524,0.733741270362,0,QPSK 2/5,3297987911.111111,1648993955.555555,184.343247014,17890473.150094
1.214566667,a-r0,4,1388.094008524,1.650000000000,1,QPSK 2/3,5524079200.000000,1381019800.000000,268.353221940,20585104.810972
1.214566667,b0,1,1388.094008524,1.650000000000,1,QPSK 2/3,5524079200.000000,5524079200.000000,268.353221940,20585104.810972
1.217333333,a-r0,1,1385.742360324,0.458436653948,0,QPSK 1/4,2048126311.111111,2048126311.111111,149.103374855,13736284.058638
1.217333333,a-r0,2,1385.742360324,0.734986452285,0,QPSK 2/5,3297987911.111111,1648993955.555555,184.485873100,17876642.019797
1.217333333,a-r0,4,1385.742360324,1.650000000000,1,QPSK 2/3,5524079200.000000,1381019800.000000,268.353221940,20585104.810972
1.217333333,b0,1,1385.742360324,1.650000000000,1,QPSK 2/3,5524079200.000000,5524079200.000000,268.353221940,20585104.810972
1.220100000,a-r0,1,1383.388968200,0.459216536711,0,QPSK 1/4,2048126311.111111,2048126311.111111,149.216387446,13725880.556159
1.220100000,a-r0,2,1383.388968200,0.736236795730,0,QPSK 2/5,3297987911.111111,1648993955.555555,184.628968882,17862786.815547
1.220100000,a-r0,4,1383.388968200,1.650000000000,1,QPSK 2/3,5524079200.000000,1381019800.000000,268.353221940,20585104.810972
1.220100000,b0,1,1383.388968200,1.650000000000,1,QPSK 2/3,5524079200.000000,5524079200.000000,268.353221940,20585104.810972
1.222866667,a-r0,1,1381.033851716,0.459999651791,0,QPSK 1/4,2048126311.111111,2048126311.111111,149.329771912,13715458.644927
1.222866667,a-r0,2,1381.033851716,0.737492321373,0,QPSK 2/5,3297987911.111111,1648993955.555555,184.772535528,17848907.586181
1.222866667,a-r0,4,1381.033851716,1.650000000000,1,QPSK 2/3,5524079200.000000,1381019800.000000,268.353221940,20585104.810972
1.222866667,b0,1,1381.033851716,1.650000000000,1,QPSK 2/3,5524079200.000000,5524079200.000000,268.353221940,20585104.810972
1.225633333,a-r0,1,1378.677030429,0.460786012155,0,QPSK 1/4,2048126311.111111,2048126311.111111,149.443529177,13705018.359745
1.225633333,a-r0,2,1378.677030429,0.738753050001,0,QPSK 2/5,3297987911.111111,1648993955.555555,184.916574211,17835004.380625
1.225633333,a-r0,4,1378.677030429,1.650000000000,1,QPSK 2/3,5524079200.000000,1381019800.000000,268.353221940,20585104.810972
1.225633333,b0,1,1378.677030429,1.650000000000,1,QPSK 2/3,5524079200.000000,5524079200.000000,268.353221940,20585104.810972
1.228400000,a-r0,1,1376.318523891,0.461575630840,0,QPSK 1/4,2048126311.111111,2048126311.111111,149.557660171,13694559.735487
1.228400000,a-r0,2,1376.318523891,0.740019002518,0,QPSK 2/5,3297987911.111111,1648993955.555555,185.061086108,17821077.247895
1.228400000,a-r0,4,1376.318523891,1.650000000000,1,QPSK 2/3,5524079200.000000,1381019800.000000,268.353221940,20585104.810972
1.228400000,b0,1,1376.318523891,1.650000000000,1,QPSK 2/3,5524079200.000000,5524079200.000000,268.353221940,20585104.810972
1.231166667,a-r0,1,1373.958351645,0.462368520953,0,QPSK 1/4,2048126311.111111,2048126311.111111,149.672165828,13684082.807097
1.231166667,a-r0,2,1373.958351645,0.741290199937,0,QPSK 2/5,3297987911.111111,1648993955.555555,185.206072400,17807126.237101
1.231166667,a-r0,4,1373.958351645,1.650000000000,1,QPSK 2/3,5524079200.000000,1381019800.000000,268.353221940,20585104.810972
1.231166667,b0,1,1373.958351645,1.650000000000,1,QPSK 2/3,5524079200.000000,5524079200.000000,268.353221940,20585104.810972
1.233933333,a-r0,1,1371.596533230,0.463164695674,0,QPSK 1/4,2048126311.111111,2048126311.111111,149.787047086,13673587.609586
1.233933333,a-r0,2,1371.596533230,0.742566663389,0,QPSK 2/5,3297987911.111111,1648993955.555555,185.351534275,17793151.397441
1.233933333,a-r0,4,1371.596533230,1.650000000000,1,QPSK 2/3,5524079200.000000,1381019800.000000,268.353221940,20585104.810972
1.233933333,b0,1,1371.596533230,1.650000000000,1,QPSK 2/3,5524079200.000000,5524079200.000000,268.353221940,20585104.810972
1.236700000,a-r0,1,1369.233088175,0.463964168254,0,QPSK 1/4,2048126311.111111,2048126311.111111,149.902304886,13663074.178039
1.236700000,a-r0,2,1369.233088175,0.743848414118,0,QPSK 2/5,3297987911.111111,1648993955.555555,185.497472925,17779152.778203
1.236700000,a-r0,4,1369.233088175,1.650000000000,1,QPSK 2/3,5524079200.000000,1381019800.000000,268.353221940,20585104.810972
1.236700000,b0,1,1369.233088175,1.650000000000,1,QPSK 2/3,5524079200.000000,5524079200.000000,268.353221940,20585104.810972
1.239466667,a-r0,1,1366.868036002,0.464766952016,0,QPSK 1/4,2048126311.111111,2048126311.111111,150.017940173,13652542.547607
1.239466667,a-r0,2,1366.868036002,0.745135473484,0,QPSK 2/5,3297987911.111111,1648993955.555555,185.643889547,17765130.428767
1.239466667,a-r0,4,1366.868036002,1.650000000000,1,QPSK 2/3,5524079200.000000,1381019800.000000,268.353221940,20585104.810972
1.239466667,b0,1,1366.868036002,1.650000000000,1,QPSK 2/3,5524079200.000000,5524079200.000000,268.353221940,20585104.810972
1.242233333,a-r0,1,1364.501396227,0.465573060356,0,QPSK 1/4,2048126311.111111,2048126311.111111,150.133953896,13641992.753512
1.242233333,a-r0,2,1364.501396227,0.746427862963,0,QPSK 2/5,3297987911.111111,1648993955.555555,185.790785343,17751084.398601
1.242233333,a-r0,4,1364.501396227,1.650000000000,1,QPSK 2/3,5524079200.000000,1381019800.000000,268.353221940,20585104.810972
1.242233333,b0,1,1364.501396227,1.650000000000,1,QPSK 2/3,5524079200.000000,5524079200.000000,268.353221940,20585104.810972
1.245000000,a-r0,1,1362.133188356,0.466382506742,0,QPSK 1/4,2048126311.111111,2048126311.111111,150.250347010,13631424.831046
1.245000000,a-r0,2,1362.133188356,0.747725604150,0,QPSK 2/5,3297987911.111111,1648993955.555555,185.938161521,17737014.737266
1.245000000,a-r0,4,1362.133188356,1.650000000000,1,QPSK 2/3,5524079200.000000,1381019800.000000,268.353221940,20585104.810972
1.245000000,b0,1,1362.133188356,1.650000000000,1,QPSK 2/3,5524079200.000000,5524079200.000000,268.353221940,20585104.810972
1.247766667,a-r0,1,1359.763431887,0.467195304715,0,QPSK 1/4,2048126311.111111,2048126311.111111,150.367120472,13620838.815568
1.247766667,a-r0,2,1359.763431887,0.749028718755,0,QPSK 2/5,3297987911.111111,1648993955.555555,186.086019292,17722921.494408
1.247766667,a-r0,4,1359.763431887,1.650000000000,1,QPSK 2/3,5524079200.000000,1381019800.000000,268.353221940,20585104.810972
1.247766667,b0,1,1359.763431887,1.650000000000,1,QPSK 2/3,5524079200.000000,5524079200.000000,268.353221940,20585104.810972
1.250533333,a-r0,1,1357.392146311,0.468011467893,0,QPSK 1/4,2048126311.111111,2048126311.111111,150.484275243,13610234.742509
1.250533333,a-r0,2,1357.392146311,0.750337228607,0,QPSK 2/5,3297987911.111111,1648993955.555555,186.234359874,17708804.719767
1.250533333,a-r0,4,1357.392146311,1.650000000000,1,QPSK 2/3,5524079200.000000,1381019800.000000,268.353221940,20585104.810972
1.250533333,b0,1,1357.392146311,1.650000000000,1,QPSK 2/3,5524079200.000000,5524079200.000000,268.353221940,20585104.810972
1.253300000,a-r0,1,1355.019351109,0.468831009964,0,QPSK 1/4,2048126311.111111,2048126311.111111,150.601812288,13599612.647368
1.253300000,a-r0,2,1355.019351109,0.751651155655,0,QPSK 2/5,3297987911.111111,1648993955.555555,186.383184489,17694664.463169
1.253300000,a-r0,4,1355.019351109,1.650000000000,1,QPSK 2/3,5524079200.000000,1381019800.000000,268.353221940,20585104.810972
1.253300000,b0,1,1355.019351109,1.650000000000,1,QPSK 2/3,5524079200.000000,5524079200.000000,268.353221940,20585104.810972
1.256066667,a-r0,1,1352.645065753,0.469653944694,0,QPSK 1/4,2048126311.111111,2048126311.111111,150.719732578,13588972.565712
1.256066667,a-r0,2,1352.645065753,0.752970521967,0,QPSK 2/5,3297987911.111111,1648993955.555555,186.532494366,17680500.774533
1.256066667,a-r0,4,1352.645065753,1.650000000000,1,QPSK 2/3,5524079200.000000,1381019800.000000,268.353221940,20585104.810972
1.256066667,b0,1,1352.645065753,1.650000000000,1,QPSK 2/3,5524079200.000000,5524079200.000000,268.353221940,20585104.810972
1.258833333,a-r0,1,1350.269309707,0.470480285921,0,QPSK 1/4,2048126311.111111,2048126311.111111,150.838037085,13578314.533177
1.258833333,a-r0,2,1350.269309707,0.754295349731,0,QPSK 2/5,3297987911.111111,1648993955.555555,186.682290737,17666313.703862
1.258833333,a-r0,4,1350.269309707,1.650000000000,1,QPSK 3/5,4964470044.444445,1241117511.111111,268.353221940,18499759.416161
1.258833333,b0,1,1350.269309707,1.650000000000,1,QPSK 3/5,4964470044.444445,4964470044.444445,268.353221940,18499759.416161
1.261600000,a-r0,1,1347.892102423,0.471310047562,0,QPSK 1/4,2048126311.111111,2048126311.111111,150.956726788,13567638.585470
1.261600000,a-r0,2,1347.892102423,0.755625661257,0,QPSK 2/5,3297987911.111111,1648993955.555555,186.832574840,17652103.301253
1.261600000,a-r0,4,1347.892102423,1.650000000000,1,QPSK 3/5,4964470044.444445,1241117511.111111,268.353221940,18499759.416161
1.261600000,b0,1,1347.892102423,1.650000000000,1,QPSK 3/5,4964470044.444445,4964470044.444445,268.353221940,18499759.416161
1.264366667,a-r0,1,1345.513463345,0.472143243608,0,QPSK 1/4,2048126311.111111,2048126311.111111,151.075802669,13556944.758366
1.264366667,a-r0,2,1345.513463345,0.756961478976,0,QPSK 2/5,3297987911.111111,1648993955.555555,186.983347918,17637869.616888
1.264366667,a-r0,4,1345.513463345,1.650000000000,1,QPSK 3/5,4964470044.444445,1241117511.111111,268.353221940,18499759.416161
1.264366667,b0,1,1345.513463345,1.650000000000,1,QPSK 3/5,4964470044.444445,4964470044.444445,268.353221940,18499759.416161
1.267133333,a-r0,1,1343.133411908,0.472979888125,0,QPSK 1/4,2048126311.111111,2048126311.111111,151.195265713,13546233.087706
1.267133333,a-r0,2,1343.133411908,0.758302825442,0,QPSK 2/5,3297987911.111111,1648993955.555555,187.134611221,17623612.701040
1.267133333,a-r0,4,1343.133411908,1.650000000000,1,QPSK 3/5,4964470044.444445,1241117511.111111,268.353221940,18499759.416161
1.267133333,b0,1,1343.133411908,1.650000000000,1,QPSK 3/5,4964470044.444445,4964470044.444445,268.353221940,18499759.416161
1.269900000,a-r0,1,1340.751967535,0.473819995259,0,QPSK 1/4,2048126311.111111,2048126311.111111,151.315116911,13535503.609403
1.269900000,a-r0,2,1340.751967535,0.759649723333,0,QPSK 2/5,3297987911.111111,1648993955.555555,187.286366001,17609332.604067
1.269900000,a-r0,4,1340.751967535,1.650000000000,1,QPSK 3/5,4964470044.444445,1241117511.111111,268.353221940,18499759.416161
1.269900000,b0,1,1340.751967535,1.650000000000,1,QPSK 3/5,4964470044.444445,4964470044.444445,268.353221940,18499759.416161
1.272666667,a-r0,1,1338.369149640,0.474663579232,0,QPSK 1/4,2048126311.111111,2048126311.111111,151.435357257,13524756.359436
1.272666667,a-r0,2,1338.369149640,0.761002195448,0,QPSK 2/5,3297987911.111111,1648993955.555555,187.438613517,17595029.376419
1.272666667,a-r0,4,1338.369149640,1.650000000000,1,QPSK 3/5,4964470044.444445,1241117511.111111,268.353221940,18499759.416161
1.272666667,b0,1,1338.369149640,1.650000000000,1,QPSK 3/5,4964470044.444445,4964470044.444445,268.353221940,18499759.416161
1.275433333,a-r0,1,1335.984977623,0.475510654342,0,QPSK 1/4,2048126311.111111,2048126311.111111,151.555987750,13513991.373855
1.275433333,a-r0,2,1335.984977623,0.762360264715,0,QPSK 2/5,3297987911.111111,1648993955.555555,187.591355035,17580703.068633
1.275433333,a-r0,4,1335.984977623,1.650000000000,1,QPSK 3/5,4964470044.444445,1241117511.111111,268.353221940,18499759.416161
1.275433333,b0,1,1335.984977623,1.650000000000,1,QPSK 3/5,4964470044.444445,4964470044.444445,268.353221940,18499759.416161
1.278200000,a-r0,1,1333.599470878,0.476361234969,0,QPSK 1/4,2048126311.111111,2048126311.111111,151.677009392,13503208.688776
1.278200000,a-r0,2,1333.599470878,0.763723954183,0,QPSK 2/5,3297987911.111111,1648993955.555555,187.744591823,17566353.731331
1.278200000,a-r0,4,1333.599470878,1.650000000000,1,QPSK 3/5,4964470044.444445,1241117511.111111,268.353221940,18499759.416161
1.278200000,b0,1,1333.599470878,1.650000000000,1,QPSK 3/5,4964470044.444445,4964470044.444445,268.353221940,18499759.416161
1.280966667,a-r0,1,1331.212648785,0.477215335567,0,QPSK 1/4,2048126311.111111,2048126311.111111,151.798423190,13492408.340383
1.280966667,a-r0,2,1331.212648785,0.765093287031,0,QPSK 2/5,3297987911.111111,1648993955.555555,187.898325157,17551981.415227
1.280966667,a-r0,4,1331.212648785,1.650000000000,1,QPSK 3/5,4964470044.444445,1241117511.111111,268.353221940,18499759.416161
1.280966667,b0,1,1331.212648785,1.650000000000,1,QPSK 3/5,4964470044.444445,4964470044.444445,268.353221940,18499759.416161
1.283733333,a-r0,1,1328.824530711,0.478072970674,0,QPSK 1/4,2048126311.111111,2048126311.111111,151.920230156,13481590.364930
1.283733333,a-r0,2,1328.824530711,0.766468286562,0,QPSK 2/5,3297987911.111111,1648993955.555555,188.052556317,17537586.171119
1.283733333,a-r0,4,1328.824530711,1.650000000000,1,QPSK 3/5,4964470044.444445,1241117511.111111,268.353221940,18499759.416161
1.283733333,b0,1,1328.824530711,1.650000000000,1,QPSK 3/5,4964470044.444445,4964470044.444445,268.353221940,18499759.416161
1.286500000,a-r0,1,1326.435136015,0.478934154903,0,QPSK 1/4,2048126311.111111,2048126311.111111,152.042431305,13470754.798738
1.286500000,a-r0,2,1326.435136015,0.767848976208,0,QPSK 2/5,3297987911.111111,1648993955.555555,188.207286589,17523168.049894
1.286500000,a-r0,4,1326.435136015,1.650000000000,1,QPSK 3/5,4964470044.444445,1241117511.111111,268.353221940,18499759.416161
1.286500000,b0,1,1326.435136015,1.650000000000,1,QPSK 3/5,4964470044.444445,4964470044.444445,268.353221940,18499759.416161
1.289266667,a-r0,1,1324.044484042,0.479798902951,0,QPSK 1/4,2048126311.111111,2048126311.111111,152.165027656,13459901.678195
1.289266667,a-r0,2,1324.044484042,0.769235379530,0,QPSK 2/5,3297987911.111111,1648993955.555555,188.362517263,17508727.102526
1.289266667,a-r0,4,1324.044484042,1.650000000000,1,QPSK 3/5,4964470044.444445,1241117511.111111,268.353221940,18499759.416161
1.289266667,b0,1,1324.044484042,1.650000000000,1,QPSK 3/5,4964470044.444445,4964470044.444445,268.353221940,18499759.416161
1.292033333,a-r0,1,1321.652594125,0.480667229592,0,QPSK 1/4,2048126311.111111,2048126311.111111,152.288020234,13449031.039759
1.292033333,a-r0,2,1321.652594125,0.770627520215,0,QPSK 2/5,3297987911.111111,1648993955.555555,188.518249638,17494263.380075
1.292033333,a-r0,4,1321.652594125,1.650000000000,1,QPSK 3/5,4964470044.444445,1241117511.111111,268.353221940,18499759.416161
1.292033333,b0,1,1321.652594125,1.650000000000,1,QPSK 3/5,4964470044.444445,4964470044.444445,268.353221940,18499759.416161
1.294800000,a-r0,1,1319.259485584,0.481539149685,0,QPSK 1/4,2048126311.111111,2048126311.111111,152.411410067,13438142.919953
1.294800000,a-r0,2,1319.259485584,0.772025422084,0,QPSK 2/5,3297987911.111111,1648993955.555555,188.674485013,17479776.933690
1.294800000,a-r0,4,1319.259485584,1.650000000000,1,QPSK 3/5,4964470044.444445,1241117511.111111,268.353221940,18499759.416161
1.294800000,b0,1,1319.259485584,1.650000000000,1,QPSK 3/5,4964470044.444445,4964470044.444445,268.353221940,18499759.416161
1.297566667,a-r0,1,1316.865177727,0.482414678166,0,QPSK 1/4,2048126311.111111,2048126311.111111,152.535198187,13427237.355370
1.297566667,a-r0,2,1316.865177727,0.773429109086,0,QPSK 2/5,3297987911.111111,1648993955.555555,188.831224698,17465267.814603
1.297566667,a-r0,4,1316.865177727,1.650000000000,1,QPSK 3/5,4964470044.444445,1241117511.111111,268.353221940,18499759.416161
1.297566667,b0,1,1316.865177727,1.650000000000,1,QPSK 3/5,4964470044.444445,4964470044.444445,268.353221940,18499759.416161
1.300333333,a-r0,1,1314.469689850,0.483293830057,0,QPSK 1/4,2048126311.111111,2048126311.111111,152.659385633,13416314.382669
1.300333333,a-r0,2,1314.469689850,0.774838605303,0,QPSK 2/5,3297987911.111111,1648993955.555555,188.988470005,17450736.074137
1.300333333,a-r0,4,1314.469689850,1.650000000000,1,QPSK 3/5,4964470044.444445,1241117511.111111,268.353221940,18499759.416161
1.300333333,b0,1,1314.469689850,1.650000000000,1,QPSK 3/5,4964470044.444445,4964470044.444445,268.353221940,18499759.416161
1.303100000,a-r0,1,1312.073041235,0.484176620460,0,QPSK 1/4,2048126311.111111,2048126311.111111,152.783973444,13405374.038577
1.303100000,a-r0,2,1312.073041235,0.776253934947,0,QPSK 2/5,3297987911.111111,1648993955.555555,189.146222252,17436181.763698
1.303100000,a-r0,4,1312.073041235,1.650000000000,1,QPSK 3/5,4964470044.444445,1241117511.111111,268.353221940,18499759.416161
1.303100000,b0,1,1312.073041235,1.650000000000,1,QPSK 3/5,4964470044.444445,4964470044.444445,268.353221940,18499759.416161
1.305866667,a-r0,1,1309.675251150,0.485063064560,0,QPSK 1/4,2048126311.111111,2048126311.111111,152.908962666,13394416.359887
1.305866667,a-r0,2,1309.675251150,0.777675122365,0,QPSK 2/5,3297987911.111111,1648993955.555555,189.304482765,17421604.934778
1.305866667,a-r0,4,1309.675251150,1.650000000000,1,QPSK 3/5,4964470044.444445,1241117511.111111,268.353221940,18499759.416161
1.305866667,b0,1,1309.675251150,1.650000000000,1,QPSK 3/5,4964470044.444445,4964470044.444445,268.353221940,18499759.416161
1.308633333,a-r0,1,1307.276338851,0.485953177627,0,QPSK 1/4,2048126311.111111,2048126311.111111,153.034354351,13383441.383463
1.308633333,a-r0,2,1307.276338851,0.779102192037,0,QPSK 2/5,3297987911.111111,1648993955.555555,189.463252872,17407005.638956
1.308633333,a-r0,4,1307.276338851,1.650000000000,1,QPSK 3/5,4964470044.444445,1241117511.111111,268.353221940,18499759.416161
1.308633333,b0,1,1307.276338851,1.650000000000,1,QPSK 3/5,4964470044.444445,4964470044.444445,268.353221940,18499759.416161
1.311400000,a-r0,1,1304.876323578,0.486846975014,0,QPSK 1/4,2048126311.111111,2048126311.111111,153.160149552,13372449.146231
1.311400000,a-r0,2,1304.876323578,0.780535168577,0,QPSK 2/5,3297987911.111111,1648993955.555555,189.622533908,17392383.927898
1.311400000,a-r0,4,1304.876323578,1.650000000000,1,QPSK 3/5,4964470044.444445,1241117511.111111,268.353221940,18499759.416161
1.311400000,b0,1,1304.876323578,1.650000000000,1,QPSK 3/5,4964470044.444445,4964470044.444445,268.353221940,18499759.416161
1.314166667,a-r0,1,1302.475224559,0.487744472158,0,QPSK 1/4,2048126311.111111,2048126311.111111,153.286349328,13361439.685188
1.314166667,a-r0,2,1302.475224559,0.781974076736,0,QPSK 2/5,3297987911.111111,1648993955.555555,189.782327215,17377739.853353
1.314166667,a-r0,4,1302.475224559,1.650000000000,1,QPSK 3/5,4964470044.444445,1241117511.111111,268.353221940,18499759.416161
1.314166667,b0,1,1302.475224559,1.650000000000,1,QPSK 3/5,4964470044.444445,4964470044.444445,268.353221940,18499759.416161
1.316933333,a-r0,1,1300.073061006,0.488645684581,0,QPSK 1/4,2048126311.111111,2048126311.111111,153.412954743,13350413.037396
1.316933333,a-r0,2,1300.073061006,0.783418941400,0,QPSK 2/5,3297987911.111111,1648993955.555555,189.942634140,17363073.467156
1.316933333,a-r0,4,1300.073061006,1.650000000000,1,QPSK 3/5,4964470044.444445,1241117511.111111,268.353221940,18499759.416161
1.316933333,b0,1,1300.073061006,1.650000000000,1,QPSK 3/5,4964470044.444445,4964470044.444445,268.353221940,18499759.416161
1.319700000,a-r0,1,1297.669852119,0.489550627892,0,QPSK 1/4,2048126311.111111,2048126311.111111,153.539966865,13339369.239983
1.319700000,a-r0,2,1297.669852119,0.784869787591,0,QPSK 2/5,3297987911.111111,1648993955.555555,190.103456033,17348384.821228
1.319700000,a-r0,4,1297.669852119,1.650000000000,1,QPSK 3/5,4964470044.444445,1241117511.111111,268.353221940,18499759.416161
1.319700000,b0,1,1297.669852119,1.650000000000,1,QPSK 3/5,4964470044.444445,4964470044.444445,268.353221940,18499759.416161
1.322466667,a-r0,1,1295.265617080,0.490459317784,0,QPSK 1/4,2048126311.111111,2048126311.111111,153.667386766,13328308.330147
1.322466667,a-r0,2,1295.265617080,0.786326640471,0,QPSK 2/5,3297987911.111111,1648993955.555555,190.264794254,17333673.967575
1.322466667,a-r0,4,1295.265617080,1.650000000000,1,QPSK 3/5,4964470044.444445,1241117511.111111,268.353221940,18499759.416161
1.322466667,b0,1,1295.265617080,1.650000000000,1,QPSK 3/5,4964470044.444445,4964470044.444445,268.353221940,18499759.416161
1.325233333,a-r0,1,1292.860375057,0.491371770036,0,QPSK 1/4,2048126311.111111,2048126311.111111,153.795215524,13317230.345149
1.325233333,a-r0,2,1292.860375057,0.787789525339,0,QPSK 2/5,3297987911.111111,1648993955.555555,190.426650166,17318940.958286
1.325233333,a-r0,4,1292.860375057,1.650000000000,1,QPSK 3/5,4964470044.444445,1241117511.111111,268.353221940,18499759.416161
1.325233333,b0,1,1292.860375057,1.650000000000,1,QPSK 3/5,4964470044.444445,4964470044.444445,268.353221940,18499759.416161
1.328000000,a-r0,1,1290.454145205,0.492288000517,0,QPSK 1/4,2048126311.111111,2048126311.111111,153.923454219,13306135.322318
1.328000000,a-r0,2,1290.454145205,0.789258467634,0,QPSK 2/5,3297987911.111111,1648993955.555555,190.589025138,17304185.845538
1.328000000,a-r0,4,1290.454145205,1.650000000000,1,QPSK 3/5,4964470044.444445,1241117511.111111,268.353221940,18499759.416161
1.328000000,b0,1,1290.454145205,1.650000000000,1,QPSK 3/5,4964470044.444445,4964470044.444445,268.353221940,18499759.416161
1.330766667,a-r0,1,1288.046946661,0.493208025180,0,QPSK 1/4,2048126311.111111,2048126311.111111,154.052103937,13295023.299049
1.330766667,a-r0,2,1288.046946661,0.790733492934,0,QPSK 2/5,3297987911.111111,1648993955.555555,190.751920546,17289408.681590
1.330766667,a-r0,4,1288.046946661,1.650000000000,1,QPSK 3/5,4964470044.444445,1241117511.111111,268.353221940,18499759.416161
1.330766667,b0,1,1288.046946661,1.650000000000,1,QPSK 3/5,4964470044.444445,4964470044.444445,268.353221940,18499759.416161
1.333533333,a-r0,1,1285.638798546,0.494131860068,0,QPSK 1/4,2048126311.111111,2048126311.111111,154.181165770,13283894.312805
1.333533333,a-r0,2,1285.638798546,0.792214626961,0,QPSK 2/5,3297987911.111111,1648993955.555555,190.915337769,17274609.518785
1.333533333,a-r0,4,1285.638798546,1.650000000000,1,QPSK 3/5,4964470044.444445,1241117511.111111,268.353221940,18499759.416161
1.333533333,b0,1,1285.638798546,1.650000000000,1,QPSK 3/5,4964470044.444445,4964470044.444445,268.353221940,18499759.416161
1.336300000,a-r0,1,1283.229719967,0.495059521313,0,QPSK 1/4,2048126311.111111,2048126311.111111,154.310640812,13272748.401112
1.336300000,a-r0,2,1283.229719967,0.793701895575,0,QPSK 2/5,3297987911.111111,1648993955.555555,191.079278196,17259788.409550
1.336300000,a-r0,4,1283.229719967,1.650000000000,1,QPSK 3/5,4964470044.444445,1241117511.111111,268.353221940,18499759.416161
1.336300000,b0,1,1283.229719967,1.650000000000,1,QPSK 3/5,4964470044.444445,4964470044.444445,268.353221940,18499759.416161
1.339066667,a-r0,1,1280.819730013,0.495991025134,0,QPSK 1/4,2048126311.111111,2048126311.111111,154.440530163,13261585.601565
1.339066667,a-r0,2,1280.819730013,0.795195324783,0,QPSK 2/5,3297987911.111111,1648993955.555555,191.243743218,17244945.406399
1.339066667,a-r0,4,1280.819730013,1.650000000000,1,QPSK 3/5,4964470044.444445,1241117511.111111,268.353221940,18499759.416161
1.339066667,b0,1,1280.819730013,1.650000000000,1,QPSK 3/5,4964470044.444445,4964470044.444445,268.353221940,18499759.416161
1.341833333,a-r0,1,1278.408847759,0.496926387842,0,QPSK 1/4,2048126311.111111,2048126311.111111,154.570834928,13250405.951823
1.341833333,a-r0,2,1278.408847759,0.796694940732,0,QPSK 2/5,3297987911.111111,1648993955.555555,191.408734234,17230080.561925
1.341833333,a-r0,4,1278.408847759,1.650000000000,1,QPSK 3/5,4964470044.444445,1241117511.111111,268.353221940,18499759.416161
1.341833333,b0,1,1278.408847759,1.650000000000,1,QPSK 3/5,4964470044.444445,4964470044.444445,268.353221940,18499759.416161
1.344600000,a-r0,1,1275.997092260,0.497865625835,0,QPSK 1/4,2048126311.111111,2048126311.111111,154.701556216,13239209.489613
1.344600000,a-r0,2,1275.997092260,0.798200769715,0,QPSK 2/5,3297987911.111111,1648993955.555555,191.574252649,17215193.928809
1.344600000,a-r0,4,1275.997092260,1.650000000000,1,QPSK 3/5,4964470044.444445,1241117511.111111,268.353221940,18499759.416161
1.344600000,b0,1,1275.997092260,1.650000000000,1,QPSK 3/5,4964470044.444445,4964470044.444445,268.353221940,18499759.416161
1.347366667,a-r0,1,1273.584482557,0.498808755605,0,QPSK 1/4,2048126311.111111,2048126311.111111,154.832695140,13227996.252724
1.347366667,a-r0,2,1273.584482557,0.799712838171,0,QPSK 2/5,3297987911.111111,1648993955.555555,191.740299871,17200285.559811
1.347366667,a-r0,4,1273.584482557,1.650000000000,1,QPSK 3/5,4964470044.444445,1241117511.111111,268.353221940,18499759.416161
1.347366667,b0,1,1273.584482557,1.650000000000,1,QPSK 3/5,4964470044.444445,4964470044.444445,268.353221940,18499759.416161
1.350133333,a-r0,1,1271.171037672,0.499755793733,0,QPSK 1/4,2048126311.111111,2048126311.111111,154.964252819,13216766.279015
1.350133333,a-r0,2,1271.171037672,0.801231172685,0,QPSK 2/5,3297987911.111111,1648993955.555555,191.906877319,17185355.507778
1.350133333,a-r0,4,1271.171037672,1.650000000000,1,QPSK 3/5,4964470044.444445,1241117511.111111,268.353221940,18499759.416161
1.350133333,b0,1,1271.171037672,1.650000000000,1,QPSK 3/5,4964470044.444445,4964470044.444445,268.353221940,18499759.416161
1.352900000,a-r0,1,1268.756776610,0.500706756892,0,QPSK 1/4,2048126311.111111,2048126311.111111,155.096230376,13205519.606408
1.352900000,a-r0,2,1268.756776610,0.802755799987,0,QPSK 2/5,3297987911.111111,1648993955.555555,192.073986413,17170403.825638
1.352900000,a-r0,4,1268.756776610,1.650000000000,1,QPSK 3/5,4964470044.444445,1241117511.111111,268.353221940,18499759.416161
1.352900000,b0,1,1268.756776610,1.650000000000,1,QPSK 3/5,4964470044.444445,4964470044.444445,268.353221940,18499759.416161
1.355666667,a-r0,1,1266.341718360,0.501661661849,0,QPSK 1/4,2048126311.111111,2048126311.111111,155.228628939,13194256.272891
1.355666667,a-r0,2,1266.341718360,0.804286746957,0,QPSK 2/5,3297987911.111111,1648993955.555555,192.241628582,17155430.566401
1.355666667,a-r0,4,1266.341718360,1.650000000000,1,QPSK 3/5,4964470044.444445,1241117511.111111,268.353221940,18499759.416161
1.355666667,b0,1,1266.341718360,1.650000000000,1,QPSK 3/5,4964470044.444445,4964470044.444445,268.353221940,18499759.416161
1.358433333,a-r0,1,1263.925881892,0.502620525462,0,QPSK 1/4,2048126311.111111,2048126311.111111,155.361449641,13182976.316517
1.358433333,a-r0,2,1263.925881892,0.805824040625,0,QPSK 2/5,3297987911.111111,1648993955.555555,192.409805260,17140435.783162
1.358433333,a-r0,4,1263.925881892,1.650000000000,1,QPSK 3/5,4964470044.444445,1241117511.111111,268.353221940,18499759.416161
1.358433333,b0,1,1263.925881892,1.650000000000,1,QPSK 3/5,4964470044.444445,4964470044.444445,268.353221940,18499759.416161
1.361200000,a-r0,1,1261.509286156,0.503583364683,0,QPSK 1/4,2048126311.111111,2048126311.111111,155.494693618,13171679.775404
1.361200000,a-r0,2,1261.509286156,0.807367708168,0,QPSK 2/5,3297987911.111111,1648993955.555555,192.578517887,17125419.529095
1.361200000,a-r0,4,1261.509286156,1.650000000000,1,QPSK 3/5,4964470044.444445,1241117511.111111,268.353221940,18499759.416161
1.361200000,b0,1,1261.509286156,1.650000000000,1,QPSK 3/5,4964470044.444445,4964470044.444445,268.353221940,18499759.416161
1.363966667,a-r0,1,1259.091950088,0.504550196558,0,QPSK 1/4,2048126311.111111,2048126311.111111,155.628362014,13160366.687736
1.363966667,a-r0,2,1259.091950088,0.808917776915,0,QPSK 2/5,3297987911.111111,1648993955.555555,192.747767910,17110381.857460
1.363966667,a-r0,4,1259.091950088,1.650000000000,1,QPSK 3/5,4964470044.444445,1241117511.111111,268.353221940,18499759.416161
1.363966667,b0,1,1259.091950088,1.650000000000,1,QPSK 3/5,4964470044.444445,4964470044.444445,268.353221940,18499759.416161
1.366733333,a-r0,1,1256.673892602,0.505521038228,0,QPSK 1/4,2048126311.111111,2048126311.111111,155.762455974,13149037.091761
1.366733333,a-r0,2,1256.673892602,0.810474274346,0,QPSK 2/5,3297987911.111111,1648993955.555555,192.917556780,17095322.821597
1.366733333,a-r0,4,1256.673892602,1.650000000000,1,QPSK 3/5,4964470044.444445,1241117511.111111,268.353221940,18499759.416161
1.366733333,b0,1,1256.673892602,1.650000000000,1,QPSK 3/5,4964470044.444445,4964470044.444445,268.353221940,18499759.416161
1.369500000,a-r0,1,1254.255132594,0.506495906927,0,QPSK 1/4,2048126311.111111,2048126311.111111,155.896976652,13137691.025793
1.369500000,a-r0,2,1254.255132594,0.812037228096,0,QPSK 2/5,3297987911.111111,1648993955.555555,193.087885957,17080242.474926
1.369500000,a-r0,4,1254.255132594,1.650000000000,1,QPSK 3/5,4964470044.444445,1241117511.111111,268.353221940,18499759.416161
1.369500000,b0,1,1254.255132594,1.650000000000,1,QPSK 3/5,4964470044.444445,4964470044.444445,268.353221940,18499759.416161
1.372266667,a-r0,1,1251.835688942,0.507474819989,0,QPSK 1/4,2048126311.111111,2048126311.111111,156.031925204,13126328.528210
1.372266667,a-r0,2,1251.835688942,0.813606665949,0,QPSK 2/5,3297987911.111111,1648993955.555555,193.258756904,17065140.870953
1.372266667,a-r0,4,1251.835688942,1.650000000000,1,QPSK 3/5,4964470044.444445,1241117511.111111,268.353221940,18499759.416161
1.372266667,b0,1,1251.835688942,1.650000000000,1,QPSK 3/5,4964470044.444445,4964470044.444445,268.353221940,18499759.416161
1.375033333,a-r0,1,1249.415580505,0.508457794839,0,QPSK 1/4,2048126311.111111,2048126311.111111,156.167302790,13114949.637455
1.375033333,a-r0,2,1249.415580505,0.815182615847,0,QPSK 2/5,3297987911.111111,1648993955.555555,193.430171093,17050018.063260
1.375033333,a-r0,4,1249.415580505,1.650000000000,1,QPSK 3/5,4964470044.444445,1241117511.111111,268.353221940,18499759.416161
1.375033333,b0,1,1249.415580505,1.650000000000,1,QPSK 3/5,4964470044.444445,4964470044.444445,268.353221940,18499759.416161
1.377800000,a-r0,1,1246.994826120,0.509444849004,0,QPSK 1/4,2048126311.111111,2048126311.111111,156.303110579,13103554.392034
1.377800000,a-r0,2,1246.994826120,0.816765105887,0,QPSK 2/5,3297987911.111111,1648993955.555555,193.602130000,17034874.105516
1.377800000,a-r0,4,1246.994826120,1.650000000000,1,QPSK 3/5,4964470044.444445,1241117511.111111,268.353221940,18499759.416161
1.377800000,b0,1,1246.994826120,1.650000000000,1,QPSK 3/5,4964470044.444445,4964470044.444445,268.353221940,18499759.416161
1.380566667,a-r0,1,1244.573444608,0.510436000104,0,QPSK 1/4,2048126311.111111,2048126311.111111,156.439349740,13092142.830520
1.380566667,a-r0,2,1244.573444608,0.818354164319,0,QPSK 2/5,3297987911.111111,1648993955.555555,193.774635109,17019709.051466
1.380566667,a-r0,4,1244.573444608,1.650000000000,1,QPSK 3/5,4964470044.444445,1241117511.111111,268.353221940,18499759.416161
1.380566667,b0,1,1244.573444608,1.650000000000,1,QPSK 3/5,4964470044.444445,4964470044.444445,268.353221940,18499759.416161
1.383333333,a-r0,1,1242.151454768,0.511431265859,0,QPSK 1/4,2048126311.111111,2048126311.111111,156.576021451,13080714.991548
1.383333333,a-r0,2,1242.151454768,0.819949819554,0,QPSK 2/5,3297987911.111111,1648993955.555555,193.947687909,17004522.954939
1.383333333,a-r0,4,1242.151454768,1.650000000000,1,QPSK 3/5,4964470044.444445,1241117511.111111,268.353221940,18499759.416161
1.383333333,b0,1,1242.151454768,1.650000000000,1,QPSK 3/5,4964470044.444445,4964470044.444445,268.353221940,18499759.416161
1.386100000,a-r0,1,1239.728875380,0.512430664089,0,QPSK 1/4,2048126311.111111,2048126311.111111,156.713126893,13069270.913819
1.386100000,a-r0,2,1239.728875380,0.821552100159,0,QPSK 2/5,3297987911.111111,1648993955.555555,194.121289896,16989315.869844
1.386100000,a-r0,4,1239.728875380,1.650000000000,1,QPSK 3/5,4964470044.444445,1241117511.111111,268.353221940,18499759.416161
1.386100000,b0,1,1239.728875380,1.650000000000,1,QPSK 3/5,4964470044.444445,4964470044.444445,268.353221940,18499759.416161
1.388866667,a-r0,1,1237.305725201,0.513434212711,0,QPSK 1/4,2048126311.111111,2048126311.111111,156.850667251,13057810.636097
1.388866667,a-r0,2,1237.305725201,0.823161034861,0,QPSK 2/5,3297987911.111111,1648993955.555555,194.295442572,16974087.850168
1.388866667,a-r0,4,1237.305725201,1.650000000000,1,QPSK 3/5,4964470044.444445,1241117511.111111,268.353221940,18499759.416161
1.388866667,b0,1,1237.305725201,1.650000000000,1,QPSK 3/5,4964470044.444445,4964470044.444445,268.353221940,18499759.416161
1.391633333,a-r0,1,1234.882022971,0.514441929742,0,QPSK 1/4,2048126311.111111,2048126311.111111,156.988643718,13046334.197209
1.391633333,a-r0,2,1234.882022971,0.824776652547,0,QPSK 2/5,3297987911.111111,1648993955.555555,194.470147446,16958838.949981
1.391633333,a-r0,4,1234.882022971,1.650000000000,1,QPSK 3/5,4964470044.444445,1241117511.111111,268.353221940,18499759.416161
1.391633333,b0,1,1234.882022971,1.650000000000,1,QPSK 3/5,4964470044.444445,4964470044.444445,268.353221940,18499759.416161
1.394400000,a-r0,1,1232.457787408,0.515453833301,0,QPSK 1/4,2048126311.111111,2048126311.111111,157.127057489,13034841.636048
1.394400000,a-r0,2,1232.457787408,0.826398982263,0,QPSK 2/5,3297987911.111111,1648993955.555555,194.645406031,16943569.223433
1.394400000,a-r0,4,1232.457787408,1.650000000000,1,QPSK 3/5,4964470044.444445,1241117511.111111,268.353221940,18499759.416161
1.394400000,b0,1,1232.457787408,1.650000000000,1,QPSK 3/5,4964470044.444445,4964470044.444445,268.353221940,18499759.416161
1.397166667,a-r0,1,1230.033037207,0.516469941607,0,QPSK 1/4,2048126311.111111,2048126311.111111,157.265909766,13023332.991570
1.397166667,a-r0,2,1230.033037207,0.828028053221,0,QPSK 2/5,3297987911.111111,1648993955.555555,194.821219850,16928278.724753
1.397166667,a-r0,4,1230.033037207,1.650000000000,1,QPSK 3/5,4964470044.444445,1241117511.111111,268.353221940,18499759.416161
1.397166667,b0,1,1230.033037207,1.650000000000,1,QPSK 3/5,4964470044.444445,4964470044.444445,268.353221940,18499759.416161
1.399933333,a-r0,1,1227.607791046,0.517490272981,0,QPSK 1/4,2048126311.111111,2048126311.111111,157.405201756,13011808.302794
1.399933333,a-r0,2,1227.607791046,0.829663894792,0,QPSK 2/5,3297987911.111111,1648993955.555555,194.997590429,16912967.508248
1.399933333,a-r0,4,1227.607791046,1.650000000000,1,QPSK 3/5,4964470044.444445,1241117511.111111,268.353221940,18499759.416161
1.399933333,b0,1,1227.607791046,1.650000000000,1,QPSK 3/5,4964470044.444445,4964470044.444445,268.353221940,18499759.416161
1.402700000,a-r0,1,1225.182067577,0.518514845845,0,QPSK 1/4,2048126311.111111,2048126311.111111,157.544934669,13000267.608802
1.402700000,a-r0,2,1225.182067577,0.831306536514,0,QPSK 2/5,3297987911.111111,1648993955.555555,195.174519303,16897635.628307
1.402700000,a-r0,4,1225.182067577,1.650000000000,1,QPSK 3/5,4964470044.444445,1241117511.111111,268.353221940,18499759.416161
1.402700000,b0,1,1225.182067577,1.650000000000,1,QPSK 3/5,4964470044.444445,4964470044.444445,268.353221940,18499759.416161
1.405466667,a-r0,1,1222.755885434,0.519543678725,0,QPSK 1/4,2048126311.111111,2048126311.111111,157.685109723,12988710.948741
1.405466667,a-r0,2,1222.755885434,0.832956008087,0,QPSK 2/5,3297987911.111111,1648993955.555555,195.352008012,16882283.139397
1.405466667,a-r0,4,1222.755885434,1.650000000000,1,QPSK 3/5,4964470044.444445,1241117511.111111,268.353221940,18499759.416161
1.405466667,b0,1,1222.755885434,1.650000000000,1,QPSK 3/5,4964470044.444445,4964470044.444445,268.353221940,18499759.416161
1.408233333,a-r0,1,1220.329263227,0.520576790252,0,QPSK 1/4,2048126311.111111,2048126311.111111,157.825728139,12977138.361820
1.408233333,a-r0,2,1220.329263227,0.834612339380,0,QPSK 2/5,3297987911.111111,1648993955.555555,195.530058104,16866910.096065
1.408233333,a-r0,4,1220.329263227,1.650000000000,1,QPSK 3/5,4964470044.444445,1241117511.111111,268.353221940,18499759.416161
1.408233333,b0,1,1220.329263227,1.650000000000,1,QPSK 3/5,4964470044.444445,4964470044.444445,268.353221940,18499759.416161
1.411000000,a-r0,1,1217.902219545,0.521614199159,0,QPSK 1/4,2048126311.111111,2048126311.111111,157.966791144,12965549.887312
1.411000000,a-r0,2,1217.902219545,0.836275560428,0,QPSK 2/5,3297987911.111111,1648993955.555555,195.708671131,16851516.552935
1.411000000,a-r0,4,1217.902219545,1.650000000000,1,QPSK 3/5,4964470044.444445,1241117511.111111,268.353221940,18499759.416161
1.411000000,b0,1,1217.902219545,1.650000000000,1,QPSK 3/5,4964470044.444445,4964470044.444445,268.353221940,18499759.416161
1.413766667,a-r0,1,1215.474772954,0.522655924284,0,QPSK 1/4,2048126311.111111,2048126311.111111,158.108299970,12953945.564551
1.413766667,a-r0,2,1215.474772954,0.837945701433,0,QPSK 2/5,3297987911.111111,1648993955.555555,195.887848654,16836102.564712
1.413766667,a-r0,4,1215.474772954,1.650000000000,1,QPSK 3/5,4964470044.444445,1241117511.111111,268.353221940,18499759.416161
1.413766667,b0,1,1215.474772954,1.650000000000,1,QPSK 3/5,4964470044.444445,4964470044.444445,268.353221940,18499759.416161
1.416533333,a-r0,1,1213.046941998,0.523701984571,0,QPSK 1/4,2048126311.111111,2048126311.111111,158.250255854,12942325.432938
1.416533333,a-r0,2,1213.046941998,0.839622792766,0,QPSK 2/5,3297987911.111111,1648993955.555555,196.067592239,16820668.186176
1.416533333,a-r0,4,1213.046941998,1.650000000000,1,QPSK 3/5,4964470044.444445,1241117511.111111,268.353221940,18499759.416161
1.416533333,b0,1,1213.046941998,1.650000000000,1,QPSK 3/5,4964470044.444445,4964470044.444445,268.353221940,18499759.416161
1.419300000,a-r0,1,1210.618745198,0.524752399070,0,QPSK 1/4,2048126311.111111,2048126311.111111,158.392660040,12930689.531931
1.419300000,a-r0,2,1210.618745198,0.841306864970,0,QPSK 2/5,3297987911.111111,1648993955.555555,196.247903460,16805213.472189
1.419300000,a-r0,4,1210.618745198,1.650000000000,1,QPSK 3/5,4964470044.444445,1241117511.111111,268.353221940,18499759.416161
1.419300000,b0,1,1210.618745198,1.650000000000,1,QPSK 3/5,4964470044.444445,4964470044.444445,268.353221940,18499759.416161
1.422066667,a-r0,1,1208.190201052,0.525807186938,0,QPSK 1/4,2048126311.111111,2048126311.111111,158.535513774,12919037.901056
1.422066667,a-r0,2,1208.190201052,0.842997948758,0,QPSK 2/5,3297987911.111111,1648993955.555555,196.428783896,16789738.477688
1.422066667,a-r0,4,1208.190201052,1.650000000000,1,QPSK 3/5,4964470044.444445,1241117511.111111,268.353221940,18499759.416161
1.422066667,b0,1,1208.190201052,1.650000000000,1,QPSK 3/5,4964470044.444445,4964470044.444445,268.353221940,18499759.416161
1.424833333,a-r0,1,1205.761328035,0.526866367440,0,QPSK 1/4,2048126311.111111,2048126311.111111,158.678818310,12907370.579899
1.424833333,a-r0,2,1205.761328035,0.844696075015,0,QPSK 2/5,3297987911.111111,1648993955.555555,196.610235135,16774243.257689
1.424833333,a-r0,4,1205.761328035,1.650000000000,1,QPSK 3/5,4964470044.444445,1241117511.111111,268.353221940,18499759.416161
1.424833333,b0,1,1205.761328035,1.650000000000,1,QPSK 3/5,4964470044.444445,4964470044.444445,268.353221940,18499759.416161
1.427600000,a-r0,1,1203.332144600,0.527929959947,0,QPSK 1/4,2048126311.111111,2048126311.111111,158.822574907,12895687.608108
1.427600000,a-r0,2,1203.332144600,0.846401274799,0,QPSK 2/5,3297987911.111111,1648993955.555555,196.792258770,16758727.867287
1.427600000,a-r0,4,1203.332144600,1.650000000000,1,QPSK 3/5,4964470044.444445,1241117511.111111,268.353221940,18499759.416161
1.427600000,b0,1,1203.332144600,1.650000000000,1,QPSK 3/5,4964470044.444445,4964470044.444445,268.353221940,18499759.416161
1.430366667,a-r0,1,1200.902669173,0.528997983941,0,QPSK 1/4,2048126311.111111,2048126311.111111,158.966784827,12883989.025394
1.430366667,a-r0,2,1200.902669173,0.848113579344,0,QPSK 2/5,3297987911.111111,1648993955.555555,196.974856400,16743192.361652
1.430366667,a-r0,4,1200.902669173,1.650000000000,1,QPSK 3/5,4964470044.444445,1241117511.111111,268.353221940,18499759.416161
1.430366667,b0,1,1200.902669173,1.650000000000,1,QPSK 3/5,4964470044.444445,4964470044.444445,268.353221940,18499759.416161
1.433133333,a-r0,1,1198.472920160,0.530070459011,0,QPSK 1/4,2048126311.111111,2048126311.111111,159.111449340,12872274.871530
1.433133333,a-r0,2,1198.472920160,0.849833020057,0,QPSK 2/5,3297987911.111111,1648993955.555555,197.158029632,16727636.796032
1.433133333,a-r0,4,1198.472920160,1.650000000000,1,QPSK 3/5,4964470044.444445,1241117511.111111,268.353221940,18499759.416161
1.433133333,b0,1,1198.472920160,1.650000000000,1,QPSK 3/5,4964470044.444445,4964470044.444445,268.353221940,18499759.416161
1.435900000,a-r0,1,1196.042915940,0.531147404859,0,QPSK 1/4,2048126311.111111,2048126311.111111,159.256569720,12860545.186352
1.435900000,a-r0,2,1196.042915940,0.851559628524,0,QPSK 2/5,3297987911.111111,1648993955.555555,197.341780081,16712061.225751
1.435900000,a-r0,4,1196.042915940,1.650000000000,1,QPSK 3/5,4964470044.444445,1241117511.111111,268.353221940,18499759.416161
1.435900000,b0,1,1196.042915940,1.650000000000,1,QPSK 3/5,4964470044.444445,4964470044.444445,268.353221940,18499759.416161
1.438666667,a-r0,1,1193.612674869,0.532228841296,0,QPSK 1/4,2048126311.111111,2048126311.111111,159.402147248,12848800.009756
1.438666667,a-r0,2,1193.612674869,0.853293436506,0,QPSK 2/5,3297987911.111111,1648993955.555555,197.526109366,16696465.706213
1.438666667,a-r0,4,1193.612674869,1.650000000000,1,QPSK 3/5,4964470044.444445,1241117511.111111,268.353221940,18499759.416161
1.438666667,b0,1,1193.612674869,1.650000000000,1,QPSK 3/5,4964470044.444445,4964470044.444445,268.353221940,18499759.416161
1.441433333,a-r0,1,1191.182215279,0.533314788244,0,QPSK 1/4,2048126311.111111,2048126311.111111,159.548183207,12837039.381701
1.441433333,a-r0,2,1191.182215279,0.855034475945,0,QPSK 2/5,3297987911.111111,1648993955.555555,197.711019115,16680850.292895
1.441433333,a-r0,4,1191.182215279,1.650000000000,1,QPSK 3/5,4964470044.444445,1241117511.111111,268.353221940,18499759.416161
1.441433333,b0,1,1191.182215279,1.650000000000,1,QPSK 3/5,4964470044.444445,4964470044.444445,268.353221940,18499759.416161
1.444200000,a-r0,1,1188.751555478,0.534405265738,0,QPSK 1/4,2048126311.111111,2048126311.111111,159.694678890,12825263.342208
1.444200000,a-r0,2,1188.751555478,0.856782778961,0,QPSK 2/5,3297987911.111111,1648993955.555555,197.896510962,16665215.041351
1.444200000,a-r0,4,1188.751555478,1.650000000000,1,QPSK 3/5,4964470044.444445,1241117511.111111,268.353221940,18499759.416161
1.444200000,b0,1,1188.751555478,1.650000000000,1,QPSK 3/5,4964470044.444445,4964470044.444445,268.353221940,18499759.416161
1.446966667,a-r0,1,1186.320713746,0.535500293926,0,QPSK 1/4,2048126311.111111,2048126311.111111,159.841635591,12813471.931358
1.446966667,a-r0,2,1186.320713746,0.858538377856,0,QPSK 2/5,3297987911.111111,1648993955.555555,198.082586548,16649560.007213
1.446966667,a-r0,4,1186.320713746,1.650000000000,1,QPSK 3/5,4964470044.444445,1241117511.111111,268.353221940,18499759.416161
1.446966667,b0,1,1186.320713746,1.650000000000,1,QPSK 3/5,4964470044.444445,4964470044.444445,268.353221940,18499759.416161
1.449733333,a-r0,1,1183.889708342,0.536599893069,0,QPSK 1/4,2048126311.111111,2048126311.111111,159.989054613,12801665.189295
1.449733333,a-r0,2,1183.889708342,0.860301305113,0,QPSK 2/5,3297987911.111111,1648993955.555555,198.269247521,16633885.246187
1.449733333,a-r0,4,1183.889708342,1.650000000000,1,QPSK 3/5,4964470044.444445,1241117511.111111,268.353221940,18499759.416161
1.449733333,b0,1,1183.889708342,1.650000000000,1,QPSK 3/5,4964470044.444445,4964470044.444445,268.353221940,18499759.416161
1.452500000,a-r0,1,1181.458557496,0.537704083542,0,QPSK 1/4,2048126311.111111,2048126311.111111,160.136937263,12789843.156223
1.452500000,a-r0,2,1181.458557496,0.862071593400,0,QPSK 2/5,3297987911.111111,1648993955.555555,198.456495536,16618190.814055
1.452500000,a-r0,4,1181.458557496,1.650000000000,1,QPSK 3/5,4964470044.444445,1241117511.111111,268.353221940,18499759.416161
1.452500000,b0,1,1181.458557496,1.650000000000,1,QPSK 3/5,4964470044.444445,4964470044.444445,268.353221940,18499759.416161
1.455266667,a-r0,1,1179.027279415,0.538812885836,0,QPSK 1/4,2048126311.111111,2048126311.111111,160.285284853,12778005.872409
1.455266667,a-r0,2,1179.027279415,0.863849275567,0,QPSK 2/5,3297987911.111111,1648993955.555555,198.644332256,16602476.766675
1.455266667,a-r0,4,1179.027279415,1.650000000000,1,QPSK 3/5,4964470044.444445,1241117511.111111,268.353221940,18499759.416161
1.455266667,b0,1,1179.027279415,1.650000000000,1,QPSK 3/5,4964470044.444445,4964470044.444445,268.353221940,18499759.416161
1.458033333,a-r0,1,1176.595892281,0.539926320557,0,QPSK 1/4,2048126311.111111,2048126311.111111,160.434098701,12766153.378178
1.458033333,a-r0,2,1176.595892281,0.865634384650,0,QPSK 2/5,3297987911.111111,1648993955.555555,198.832759349,16586743.159980
1.458033333,a-r0,4,1176.595892281,1.650000000000,1,QPSK 3/5,4964470044.444445,1241117511.111111,268.353221940,18499759.416161
1.458033333,b0,1,1176.595892281,1.650000000000,1,QPSK 3/5,4964470044.444445,4964470044.444445,268.353221940,18499759.416161
1.460800000,a-r0,1,1174.164414246,0.541044408427,0,QPSK 1/4,2048126311.111111,2048126311.111111,160.583380132,12754285.713918
1.460800000,a-r0,2,1174.164414246,0.867426953874,0,QPSK 2/5,3297987911.111111,1648993955.555555,199.021778491,16570990.049977
1.460800000,a-r0,4,1174.164414246,1.650000000000,1,QPSK 3/5,4964470044.444445,1241117511.111111,268.353221940,18499759.416161
1.460800000,b0,1,1174.164414246,1.650000000000,1,QPSK 3/5,4964470044.444445,4964470044.444445,268.353221940,18499759.416161
1.463566667,a-r0,1,1171.732863440,0.542167170285,0,QPSK 1/4,2048126311.111111,2048126311.111111,160.733130474,12742402.920079
1.463566667,a-r0,2,1171.732863440,0.869227016648,0,QPSK 2/5,3297987911.111111,1648993955.555555,199.211391367,16555217.492750
1.463566667,a-r0,4,1171.732863440,1.650000000000,1,QPSK 3/5,4964470044.444445,1241117511.111111,268.353221940,18499759.416161
1.463566667,b0,1,1171.732863440,1.650000000000,1,QPSK 3/5,4964470044.444445,4964470044.444445,268.353221940,18499759.416161
1.466333333,a-r0,1,1169.301257965,0.543294627090,0,QPSK 1/4,2048126311.111111,2048126311.111111,160.883351064,12730505.037167
1.466333333,a-r0,2,1169.301257965,0.871034606572,0,QPSK 2/5,3297987911.111111,1648993955.555555,199.401599665,16539425.544456
1.466333333,a-r0,4,1169.301257965,1.650000000000,1,QPSK 3/5,4964470044.444445,1241117511.111111,268.353221940,18499759.416161
1.466333333,b0,1,1169.301257965,1.650000000000,1,QPSK 3/5,4964470044.444445,4964470044.444445,268.353221940,18499759.416161
1.469100000,a-r0,1,1166.869615897,0.544426799916,0,QPSK 1/4,2048126311.111111,2048126311.111111,161.034043240,12718592.105754
1.469100000,a-r0,2,1166.869615897,0.872849757437,0,QPSK 2/5,3297987911.111111,1648993955.555555,199.592405085,16523614.261327
1.469100000,a-r0,4,1166.869615897,1.650000000000,1,QPSK 3/5,4964470044.444445,1241117511.111111,268.353221940,18499759.416161
1.469100000,b0,1,1166.869615897,1.650000000000,1,QPSK 3/5,4964470044.444445,4964470044.444445,268.353221940,18499759.416161
1.471866667,a-r0,1,1164.437955285,0.545563709958,0,QPSK 1/4,2048126311.111111,2048126311.111111,161.185208350,12706664.166468
1.471866667,a-r0,2,1164.437955285,0.874672503223,0,QPSK 2/5,3297987911.111111,1648993955.555555,199.783809330,16507783.699669
1.471866667,a-r0,4,1164.437955285,1.650000000000,1,QPSK 3/5,4964470044.444445,1241117511.111111,268.353221940,18499759.416161
1.471866667,b0,1,1164.437955285,1.650000000000,1,QPSK 3/5,4964470044.444445,4964470044.444445,268.353221940,18499759.416161
1.474633333,a-r0,1,1162.006294150,0.546705378533,0,QPSK 1/4,2048126311.111111,2048126311.111111,161.336847747,12694721.260000
1.474633333,a-r0,2,1162.006294150,0.876502878103,0,QPSK 2/5,3297987911.111111,1648993955.555555,199.975814112,16491933.915861
1.474633333,a-r0,4,1162.006294150,1.650000000000,1,QPSK 3/5,4964470044.444445,1241117511.111111,268.353221940,18499759.416161
1.474633333,b0,1,1162.006294150,1.650000000000,1,QPSK 3/5,4964470044.444445,4964470044.444445,268.353221940,18499759.416161
1.477400000,a-r0,1,1159.574650488,0.547851827076,0,QPSK 1/4,2048126311.111111,2048126311.111111,161.488962787,12682763.427100
1.477400000,a-r0,2,1159.574650488,0.878340916445,0,QPSK 2/5,3297987911.111111,1648993955.555555,200.168421152,16476064.966357
1.477400000,a-r0,4,1159.574650488,1.650000000000,1,QPSK 3/5,4964470044.444445,1241117511.111111,268.353221940,18499759.416161
1.477400000,b0,1,1159.574650488,1.650000000000,1,QPSK 3/5,4964470044.444445,4964470044.444445,268.353221940,18499759.416161
1.480166667,a-r0,1,1157.143042267,0.549003077145,0,QPSK 1/4,2048126311.111111,2048126311.111111,161.641554834,12670790.708578
1.480166667,a-r0,2,1157.143042267,0.880186652811,0,QPSK 2/5,3297987911.111111,1648993955.555555,200.361632175,16460176.907685
1.480166667,a-r0,4,1157.143042267,1.650000000000,1,QPSK 3/5,4964470044.444445,1241117511.111111,268.353221940,18499759.416161
1.480166667,b0,1,1157.143042267,1.650000000000,1,QPSK 3/5,4964470044.444445,4964470044.444445,268.353221940,18499759.416161
1.482933333,a-r0,1,1154.711487425,0.550159150419,0,QPSK 1/4,2048126311.111111,2048126311.111111,161.794625258,12658803.145304
1.482933333,a-r0,2,1154.711487425,0.882040121959,0,QPSK 2/5,3297987911.111111,1648993955.555555,200.555448915,16444269.796444
1.482933333,a-r0,4,1154.711487425,1.650000000000,1,QPSK 3/5,4964470044.444445,1241117511.111111,268.353221940,18499759.416161
1.482933333,b0,1,1154.711487425,1.650000000000,1,QPSK 3/5,4964470044.444445,4964470044.444445,268.353221940,18499759.416161
1.485700000,a-r0,1,1152.280003877,0.551320068702,0,QPSK 1/4,2048126311.111111,2048126311.111111,161.948175434,12646800.778206
1.485700000,a-r0,2,1152.280003877,0.883901358845,0,QPSK 2/5,3297987911.111111,1648993955.555555,200.749873115,16428343.689308
1.485700000,a-r0,4,1152.280003877,1.650000000000,1,QPSK 3/5,4964470044.444445,1241117511.111111,268.353221940,18499759.416161
1.485700000,b0,1,1152.280003877,1.650000000000,1,QPSK 3/5,4964470044.444445,4964470044.444445,268.353221940,18499759.416161
1.488466667,a-r0,1,1149.848609505,0.552485853920,0,QPSK 1/4,2048126311.111111,2048126311.111111,162.102206743,12634783.648275
1.488466667,a-r0,2,1149.848609505,0.885770398622,0,QPSK 2/5,3297987911.111111,1648993955.555555,200.944906521,16412398.643023
1.488466667,a-r0,4,1149.848609505,1.650000000000,1,QPSK 3/5,4964470044.444445,1241117511.111111,268.353221940,18499759.416161
1.488466667,b0,1,1149.848609505,1.650000000000,1,QPSK 3/5,4964470044.444445,4964470044.444445,268.353221940,18499759.416161
1.491233333,a-r0,1,1147.417322167,0.553656528125,0,QPSK 1/4,2048126311.111111,2048126311.111111,162.256720573,12622751.796558
1.491233333,a-r0,2,1147.417322167,0.887647276645,0,QPSK 2/5,3297987911.111111,1648993955.555555,201.140550891,16396434.714409
1.491233333,a-r0,4,1147.417322167,1.650000000000,1,QPSK 3/5,4964470044.444445,1241117511.111111,268.353221940,18499759.416161
1.491233333,b0,1,1147.417322167,1.650000000000,1,QPSK 3/5,4964470044.444445,4964470044.444445,268.353221940,18499759.416161
1.494000000,a-r0,1,1144.986159690,0.554832113494,0,QPSK 1/4,2048126311.111111,2048126311.111111,162.411718315,12610705.264164
1.494000000,a-r0,2,1144.986159690,0.889532028468,0,QPSK 2/5,3297987911.111111,1648993955.555555,201.336807989,16380451.960356
1.494000000,a-r0,4,1144.986159690,1.650000000000,1,QPSK 3/5,4964470044.444445,1241117511.111111,268.353221940,18499759.416161
1.494000000,b0,1,1144.986159690,1.650000000000,1,QPSK 3/5,4964470044.444445,4964470044.444445,268.353221940,18499759.416161
1.496766667,a-r0,1,1142.555139873,0.556012632329,0,QPSK 1/4,2048126311.111111,2048126311.111111,162.567201368,12598644.092259
1.496766667,a-r0,2,1142.555139873,0.891424689849,0,QPSK 2/5,3297987911.111111,1648993955.555555,201.533679584,16364450.437828
1.496766667,a-r0,4,1142.555139873,1.650000000000,1,QPSK 3/5,4964470044.444445,1241117511.111111,268.353221940,18499759.416161
1.496766667,b0,1,1142.555139873,1.650000000000,1,QPSK 3/5,4964470044.444445,4964470044.444445,268.353221940,18499759.416161
1.499533333,a-r0,1,1140.124280487,0.557198107061,0,QPSK 1/4,2048126311.111111,2048126311.111111,162.723171138,12586568.322069
1.499533333,a-r0,2,1140.124280487,0.893325296748,0,QPSK 2/5,3297987911.111111,1648993955.555555,201.731167457,16348430.203860
1.499533333,a-r0,4,1140.124280487,1.650000000000,1,QPSK 3/5,4964470044.444445,1241117511.111111,268.353221940,18499759.416161
1.499533333,b0,1,1140.124280487,1.650000000000,1,QPSK 3/5,4964470044.444445,4964470044.444445,268.353221940,18499759.416161
1.502300000,a-r0,1,1137.693599275,0.558388560247,0,QPSK 1/4,2048126311.111111,2048126311.111111,162.879629035,12574477.994879
1.502300000,a-r0,2,1137.693599275,0.895233885332,0,QPSK 2/5,3297987911.111111,1648993955.555555,201.929273392,16332391.315559
1.502300000,a-r0,4,1137.693599275,1.650000000000,1,QPSK 3/5,4964470044.444445,1241117511.111111,268.353221940,18499759.416161
1.502300000,b0,1,1137.693599275,1.650000000000,1,QPSK 3/5,4964470044.444445,4964470044.444445,268.353221940,18499759.416161
1.505066667,a-r0,1,1135.263113947,0.559584014575,0,QPSK 1/4,2048126311.111111,2048126311.111111,163.036576475,12562373.152033
1.505066667,a-r0,2,1135.263113947,0.897150491973,0,QPSK 2/5,3297987911.111111,1648993955.555555,202.127999185,16316333.830105
1.505066667,a-r0,4,1135.263113947,1.650000000000,1,QPSK 3/5,4964470044.444445,1241117511.111111,268.353221940,18499759.416161
1.505066667,b0,1,1135.263113947,1.650000000000,1,QPSK 3/5,4964470044.444445,4964470044.444445,268.353221940,18499759.416161
1.507833333,a-r0,1,1132.832842188,0.560784492860,0,QPSK 1/4,2048126311.111111,2048126311.111111,163.194014882,12550253.834932
1.507833333,a-r0,2,1132.832842188,0.899075153249,0,QPSK 2/5,3297987911.111111,1648993955.555555,202.327346636,16300257.804745
1.507833333,a-r0,4,1132.832842188,1.650000000000,1,QPSK 3/5,4964470044.444445,1241117511.111111,268.353221940,18499759.416161
1.507833333,b0,1,1132.832842188,1.650000000000,1,QPSK 3/5,4964470044.444445,4964470044.444445,268.353221940,18499759.416161
1.510600000,a-r0,1,1130.402801652,0.561990018048,0,QPSK 1/4,2048126311.111111,2048126311.111111,163.351945684,12538120.085036
1.510600000,a-r0,2,1130.402801652,0.901007905950,0,QPSK 2/5,3297987911.111111,1648993955.555555,202.527317554,16284163.296803
1.510600000,a-r0,4,1130.402801652,1.650000000000,1,QPSK 3/5,4964470044.444445,1241117511.111111,268.353221940,18499759.416161
1.510600000,b0,1,1130.402801652,1.650000000000,1,QPSK 3/5,4964470044.444445,4964470044.444445,268.353221940,18499759.416161
1.513366667,a-r0,1,1127.973009962,0.563200613216,0,QPSK 1/4,2048126311.111111,2048126311.111111,163.510370316,12525971.943866
1.513366667,a-r0,2,1127.973009962,0.902948787073,0,QPSK 2/5,3297987911.111111,1648993955.555555,202.727913756,16268050.363669
1.513366667,a-r0,4,1127.973009962,1.650000000000,1,QPSK 3/5,4964470044.444445,1241117511.111111,268.353221940,18499759.416161
1.513366667,b0,1,1127.973009962,1.650000000000,1,QPSK 3/5,4964470044.444445,4964470044.444445,268.353221940,18499759.416161
1.516133333,a-r0,1,1125.543484712,0.564416301574,0,QPSK 1/4,2048126311.111111,2048126311.111111,163.669290219,12513809.452997
1.516133333,a-r0,2,1125.543484712,0.904897833829,0,QPSK 2/5,3297987911.111111,1648993955.555555,202.929137068,16251919.062805
1.516133333,a-r0,4,1125.543484712,1.650000000000,1,QPSK 3/5,4964470044.444445,1241117511.111111,268.353221940,18499759.416161
1.516133333,b0,1,1125.543484712,1.650000000000,1,QPSK 3/5,4964470044.444445,4964470044.444445,268.353221940,18499759.416161
1.518900000,a-r0,1,1123.114243467,0.565637106463,0,QPSK 1/4,2048126311.111111,2048126311.111111,163.828706841,12501632.654065
1.518900000,a-r0,2,1123.114243467,0.906855083640,0,QPSK 2/5,3297987911.111111,1648993955.555555,203.130989320,16235769.451744
1.518900000,a-r0,4,1123.114243467,1.650000000000,1,QPSK 3/5,4964470044.444445,1241117511.111111,268.353221940,18499759.416161
1.518900000,b0,1,1123.114243467,1.650000000000,1,QPSK 3/5,4964470044.444445,4964470044.444445,268.353221940,18499759.416161
1.521666667,a-r0,1,1120.685303759,0.566863051358,0,QPSK 1/4,2048126311.111111,2048126311.111111,163.988621633,12489441.588762
1.521666667,a-r0,2,1120.685303759,0.908820574143,0,QPSK 2/5,3297987911.111111,1648993955.555555,203.333472354,16219601.588089
1.521666667,a-r0,4,1120.685303759,1.650000000000,1,QPSK 3/5,4964470044.444445,1241117511.111111,268.353221940,18499759.416161
1.521666667,b0,1,1120.685303759,1.650000000000,1,QPSK 3/5,4964470044.444445,4964470044.444445,268.353221940,18499759.416161
1.524433333,a-r0,1,1118.256683093,0.568094159871,0,QPSK 1/4,2048126311.111111,2048126311.111111,164.149036057,12477236.298840
1.524433333,a-r0,2,1118.256683093,0.910794343191,0,QPSK 2/5,3297987911.111111,1648993955.555555,203.536588018,16203415.529513
1.524433333,a-r0,4,1118.256683093,1.650000000000,1,QPSK 3/5,4964470044.444445,1241117511.111111,268.353221940,18499759.416161
1.524433333,b0,1,1118.256683093,1.650000000000,1,QPSK 3/5,4964470044.444445,4964470044.444445,268.353221940,18499759.416161
1.527200000,a-r0,1,1115.828398941,0.569330455744,0,QPSK 1/4,2048126311.111111,2048126311.111111,164.309951578,12465016.826106
1.527200000,a-r0,2,1115.828398941,0.912776428851,0,QPSK 2/5,3297987911.111111,1648993955.555555,203.740338166,16187211.333757
1.527200000,a-r0,4,1115.828398941,1.650000000000,1,QPSK 3/5,4964470044.444445,1241117511.111111,268.353221940,18499759.416161
1.527200000,b0,1,1115.828398941,1.650000000000,1,QPSK 3/5,4964470044.444445,4964470044.444445,268.353221940,18499759.416161
1.529966667,a-r0,1,1113.400468744,0.570571962861,0,QPSK 1/4,2048126311.111111,2048126311.111111,164.471369667,12452783.212426
1.529966667,a-r0,2,1113.400468744,0.914766869413,0,QPSK 2/5,3297987911.111111,1648993955.555555,203.944724664,16170989.058634
1.529966667,a-r0,4,1113.400468744,1.650000000000,1,QPSK 3/5,4964470044.444445,1241117511.111111,268.353221940,18499759.416161
1.529966667,b0,1,1113.400468744,1.650000000000,1,QPSK 3/5,4964470044.444445,4964470044.444445,268.353221940,18499759.416161
1.532733333,a-r0,1,1110.972909913,0.571818705238,0,QPSK 1/4,2048126311.111111,2048126311.111111,164.633291803,12440535.499723
1.532733333,a-r0,2,1110.972909913,0.916765703383,0,QPSK 2/5,3297987911.111111,1648993955.555555,204.149749383,16154748.762023
1.532733333,a-r0,4,1110.972909913,1.650000000000,1,QPSK 3/5,4964470044.444445,1241117511.111111,268.353221940,18499759.416161
1.532733333,b0,1,1110.972909913,1.650000000000,1,QPSK 3/5,4964470044.444445,4964470044.444445,268.353221940,18499759.416161
1.535500000,a-r0,1,1108.545739828,0.573070707033,0,QPSK 1/4,2048126311.111111,2048126311.111111,164.795719471,12428273.729977
1.535500000,a-r0,2,1108.545739828,0.918772969489,0,QPSK 2/5,3297987911.111111,1648993955.555555,204.355414202,16138490.501876
1.535500000,a-r0,4,1108.545739828,1.650000000000,1,QPSK 3/5,4964470044.444445,1241117511.111111,268.353221940,18499759.416161
1.535500000,b0,1,1108.545739828,1.650000000000,1,QPSK 3/5,4964470044.444445,4964470044.444445,268.353221940,18499759.416161
1.538266667,a-r0,1,1106.118975836,0.574327992539,0,QPSK 1/4,2048126311.111111,2048126311.111111,164.958654161,12415997.945225
1.538266667,a-r0,2,1106.118975836,0.920788706682,0,QPSK 2/5,3297987911.111111,1648993955.555555,204.561721010,16122214.336210
1.538266667,a-r0,4,1106.118975836,1.650000000000,1,QPSK 3/5,4964470044.444445,1241117511.111111,268.353221940,18499759.416161
1.538266667,b0,1,1106.118975836,1.650000000000,1,QPSK 3/5,4964470044.444445,4964470044.444445,268.353221940,18499759.416161
1.541033333,a-r0,1,1103.692635254,0.575590586192,0,QPSK 1/4,2048126311.111111,2048126311.111111,165.122097371,12403708.187561
1.541033333,a-r0,2,1103.692635254,0.922812954135,0,QPSK 2/5,3297987911.111111,1648993955.555555,204.768671703,16105920.323112
1.541033333,a-r0,4,1103.692635254,1.650000000000,1,QPSK 1/2,4131228977.777778,1032807244.444444,268.353221940,15394743.345765
1.541033333,b0,1,1103.692635254,1.650000000000,1,QPSK 1/2,4131228977.777778,4131228977.777778,268.353221940,15394743.345765
1.543800000,a-r0,1,1101.266735366,0.576858512566,0,QPSK 1/4,2048126311.111111,2048126311.111111,165.286050605,12391404.499136
1.543800000,a-r0,2,1101.266735366,0.924845751250,0,QPSK 2/5,3297987911.111111,1648993955.555555,204.976268183,16089608.520739
1.543800000,a-r0,4,1101.266735366,1.650000000000,1,QPSK 1/2,4131228977.777778,1032807244.444444,268.353221940,15394743.345765
1.543800000,b0,1,1101.266735366,1.650000000000,1,QPSK 1/2,4131228977.777778,4131228977.777778,268.353221940,15394743.345765
1.546566667,a-r0,1,1098.841293425,0.578131796378,0,QPSK 1/4,2048126311.111111,2048126311.111111,165.450515372,12379086.922158
1.546566667,a-r0,2,1098.841293425,0.926887137652,0,QPSK 2/5,3297987911.111111,1648993955.555555,205.184512365,16073278.987312
1.546566667,a-r0,4,1098.841293425,1.650000000000,1,QPSK 1/2,4131228977.777778,1032807244.444444,268.353221940,15394743.345765
1.546566667,b0,1,1098.841293425,1.650000000000,1,QPSK 1/2,4131228977.777778,4131228977.777778,268.353221940,15394743.345765
1.549333333,a-r0,1,1096.416326651,0.579410462486,0,QPSK 1/4,2048126311.111111,2048126311.111111,165.615493190,12366755.498890
1.549333333,a-r0,2,1096.416326651,0.928937153196,0,QPSK 2/5,3297987911.111111,1648993955.555555,205.393406167,16056931.781123
1.549333333,a-r0,4,1096.416326651,1.650000000000,1,QPSK 1/2,4131228977.777778,1032807244.444444,268.353221940,15394743.345765
1.549333333,b0,1,1096.416326651,1.650000000000,1,QPSK 1/2,4131228977.777778,4131228977.777778,268.353221940,15394743.345765
1.552100000,a-r0,1,1093.991852231,0.580694535892,0,QPSK 1/4,2048126311.111111,2048126311.111111,165.780985581,12354410.271651
1.552100000,a-r0,2,1093.991852231,0.930995837966,0,QPSK 2/5,3297987911.111111,1648993955.555555,205.602951518,16040566.960531
1.552100000,a-r0,4,1093.991852231,1.650000000000,1,QPSK 1/2,4131228977.777778,1032807244.444444,268.353221940,15394743.345765
1.552100000,b0,1,1093.991852231,1.650000000000,1,QPSK 1/2,4131228977.777778,4131228977.777778,268.353221940,15394743.345765
1.554866667,a-r0,1,1091.567887323,0.581984041743,0,QPSK 1/4,2048126311.111111,2048126311.111111,165.946994076,12342051.282819
1.554866667,a-r0,2,1091.567887323,0.933063232278,0,QPSK 2/5,3297987911.111111,1648993955.555555,205.813150356,16024184.583962
1.554866667,a-r0,4,1091.567887323,1.650000000000,1,QPSK 1/2,4131228977.777778,1032807244.444444,268.353221940,15394743.345765
1.554866667,b0,1,1091.567887323,1.650000000000,1,QPSK 1/2,4131228977.777778,4131228977.777778,268.353221940,15394743.345765
1.557633333,a-r0,1,1089.144449047,0.583279005330,0,QPSK 1/4,2048126311.111111,2048126311.111111,166.113520209,12329678.574825
1.557633333,a-r0,2,1089.144449047,0.935139376680,0,QPSK 2/5,3297987911.111111,1648993955.555555,206.024004625,16007784.709908
1.557633333,a-r0,4,1089.144449047,1.650000000000,1,QPSK 1/2,4131228977.777778,1032807244.444444,268.353221940,15394743.345765
1.557633333,b0,1,1089.144449047,1.650000000000,1,QPSK 1/2,4131228977.777778,4131228977.777778,268.353221940,15394743.345765
1.560400000,a-r0,1,1086.721554495,0.584579452090,0,QPSK 1/4,2048126311.111111,2048126311.111111,166.280565525,12317292.190157
1.560400000,a-r0,2,1086.721554495,0.937224311953,0,QPSK 2/5,3297987911.111111,1648993955.555555,206.235516279,15991367.396929
1.560400000,a-r0,4,1086.721554495,1.650000000000,1,QPSK 1/2,4131228977.777778,1032807244.444444,268.353221940,15394743.345765
1.560400000,b0,1,1086.721554495,1.650000000000,1,QPSK 1/2,4131228977.777778,4131228977.777778,268.353221940,15394743.345765
1.563166667,a-r0,1,1084.299220722,0.585885407608,0,QPSK 1/4,2048126311.111111,2048126311.111111,166.448131571,12304892.171359
1.563166667,a-r0,2,1084.299220722,0.939318079117,0,QPSK 2/5,3297987911.111111,1648993955.555555,206.447687279,15974932.703652
1.563166667,a-r0,4,1084.299220722,1.650000000000,1,QPSK 1/2,4131228977.777778,1032807244.444444,268.353221940,15394743.345765
1.563166667,b0,1,1084.299220722,1.650000000000,1,QPSK 1/2,4131228977.777778,4131228977.777778,268.353221940,15394743.345765
1.565933333,a-r0,1,1081.877464752,0.587196897614,0,QPSK 1/4,2048126311.111111,2048126311.111111,166.616219906,12292478.561030
1.565933333,a-r0,2,1081.877464752,0.941420719425,0,QPSK 2/5,3297987911.111111,1648993955.555555,206.660519596,15958480.688769
1.565933333,a-r0,4,1081.877464752,1.650000000000,1,QPSK 1/2,4131228977.777778,1032807244.444444,268.353221940,15394743.345765
1.565933333,b0,1,1081.877464752,1.650000000000,1,QPSK 1/2,4131228977.777778,4131228977.777778,268.353221940,15394743.345765
1.568700000,a-r0,1,1079.456303576,0.588513947991,0,QPSK 1/4,2048126311.111111,2048126311.111111,166.784832090,12280051.401824
1.568700000,a-r0,2,1079.456303576,0.943532274370,0,QPSK 2/5,3297987911.111111,1648993955.555555,206.874015209,15942011.411039
1.568700000,a-r0,4,1079.456303576,1.650000000000,1,QPSK 1/2,4131228977.777778,1032807244.444444,268.353221940,15394743.345765
1.568700000,b0,1,1079.456303576,1.650000000000,1,QPSK 1/2,4131228977.777778,4131228977.777778,268.353221940,15394743.345765
1.571466667,a-r0,1,1077.035754149,0.589836584769,0,QPSK 1/4,2048126311.111111,2048126311.111111,166.953969694,12267610.736453
1.571466667,a-r0,2,1077.035754149,0.945652785688,0,QPSK 2/5,3297987911.111111,1648993955.555555,207.088176104,15925524.929286
1.571466667,a-r0,4,1077.035754149,1.650000000000,1,QPSK 1/2,4131228977.777778,1032807244.444444,268.353221940,15394743.345765
1.571466667,b0,1,1077.035754149,1.650000000000,1,QPSK 1/2,4131228977.777778,4131228977.777778,268.353221940,15394743.345765
1.574233333,a-r0,1,1074.615833394,0.591164834130,0,QPSK 1/4,2048126311.111111,2048126311.111111,167.123634293,12255156.607679
1.574233333,a-r0,2,1074.615833394,0.947782295353,0,QPSK 2/5,3297987911.111111,1648993955.555555,207.303004278,15909021.302402
1.574233333,a-r0,4,1074.615833394,1.650000000000,1,QPSK 1/2,4131228977.777778,1032807244.444444,268.353221940,15394743.345765
1.574233333,b0,1,1074.615833394,1.650000000000,1,QPSK 1/2,4131228977.777778,4131228977.777778,268.353221940,15394743.345765
1.577000000,a-r0,1,1072.196558199,0.592498722406,0,QPSK 1/4,2048126311.111111,2048126311.111111,167.293827472,12242689.058323
1.577000000,a-r0,2,1072.196558199,0.949920845583,0,QPSK 2/5,3297987911.111111,1648993955.555555,207.518501734,15892500.589340
1.577000000,a-r0,4,1072.196558199,1.650000000000,1,QPSK 1/2,4131228977.777778,1032807244.444444,268.353221940,15394743.345765
1.577000000,b0,1,1072.196558199,1.650000000000,1,QPSK 1/2,4131228977.777778,4131228977.777778,268.353221940,15394743.345765
1.579766667,a-r0,1,1069.777945420,0.593838276085,0,QPSK 1/4,2048126311.111111,2048126311.111111,167.464550818,12230208.131260
1.579766667,a-r0,2,1069.777945420,0.952068478843,0,QPSK 2/5,3297987911.111111,1648993955.555555,207.734670486,15875962.849123
1.579766667,a-r0,4,1069.777945420,1.650000000000,1,QPSK 1/2,4131228977.777778,1032807244.444444,268.353221940,15394743.345765
1.579766667,b0,1,1069.777945420,1.650000000000,1,QPSK 1/2,4131228977.777778,4131228977.777778,268.353221940,15394743.345765
1.582533333,a-r0,1,1067.360011876,0.595183521804,0,QPSK 1/4,2048126311.111111,2048126311.111111,167.635805929,12217713.869418
1.582533333,a-r0,2,1067.360011876,0.954225237843,0,QPSK 2/5,3297987911.111111,1648993955.555555,207.951512555,15859408.140836
1.582533333,a-r0,4,1067.360011876,1.650000000000,1,QPSK 1/2,4131228977.777778,1032807244.444444,268.353221940,15394743.345765
1.582533333,b0,1,1067.360011876,1.650000000000,1,QPSK 1/2,4131228977.777778,4131228977.777778,268.353221940,15394743.345765
1.585300000,a-r0,1,1064.942774352,0.596534486360,0,QPSK 1/4,2048126311.111111,2048126311.111111,167.807594409,12205206.315782
1.585300000,a-r0,2,1064.942774352,0.956391165540,0,QPSK 2/5,3297987911.111111,1648993955.555555,208.169029971,15842836.523628
1.585300000,a-r0,4,1064.942774352,1.650000000000,1,QPSK 1/2,4131228977.777778,1032807244.444444,268.353221940,15394743.345765
1.585300000,b0,1,1064.942774352,1.650000000000,1,QPSK 1/2,4131228977.777778,4131228977.777778,268.353221940,15394743.345765
1.588066667,a-r0,1,1062.526249600,0.597891196703,0,QPSK 1/4,2048126311.111111,2048126311.111111,167.979917866,12192685.513389
1.588066667,a-r0,2,1062.526249600,0.958566305143,0,QPSK 2/5,3297987911.111111,1648993955.555555,208.387224773,15826248.056715
1.588066667,a-r0,4,1062.526249600,1.650000000000,1,QPSK 1/2,4131228977.777778,1032807244.444444,268.353221940,15394743.345765
1.588066667,b0,1,1062.526249600,1.650000000000,1,QPSK 1/2,4131228977.777778,4131228977.777778,268.353221940,15394743.345765
1.590833333,a-r0,1,1060.110454336,0.599253679938,0,QPSK 1/4,2048126311.111111,2048126311.111111,168.152777920,12180151.505331
1.590833333,a-r0,2,1060.110454336,0.960750700109,0,QPSK 2/5,3297987911.111111,1648993955.555555,208.606099009,15809642.799375
1.590833333,a-r0,4,1060.110454336,1.650000000000,1,QPSK 1/2,4131228977.777778,1032807244.444444,268.353221940,15394743.345765
1.590833333,b0,1,1060.110454336,1.650000000000,1,QPSK 1/2,4131228977.777778,4131228977.777778,268.353221940,15394743.345765
1.593600000,a-r0,1,1057.695405240,0.600621963331,0,QPSK 1/4,2048126311.111111,2048126311.111111,168.326176194,12167604.334754
1.593600000,a-r0,2,1057.695405240,0.962944394152,0,QPSK 2/5,3297987911.111111,1648993955.555555,208.825654736,15793020.810951
1.593600000,a-r0,4,1057.695405240,1.650000000000,1,QPSK 1/2,4131228977.777778,1032807244.444444,268.353221940,15394743.345765
1.593600000,b0,1,1057.695405240,1.650000000000,1,QPSK 1/2,4131228977.777778,4131228977.777778,268.353221940,15394743.345765
1.596366667,a-r0,1,1055.281118958,0.601996074305,0,QPSK 1/4,2048126311.111111,2048126311.111111,168.500114319,12155044.044859
1.596366667,a-r0,2,1055.281118958,0.965147431238,0,QPSK 2/5,3297987911.111111,1648993955.555555,209.045894019,15776382.150848
1.596366667,a-r0,4,1055.281118958,1.650000000000,1,QPSK 1/2,4131228977.777778,1032807244.444444,268.353221940,15394743.345765
1.596366667,b0,1,1055.281118958,1.650000000000,1,QPSK 1/2,4131228977.777778,4131228977.777778,268.353221940,15394743.345765
1.599133333,a-r0,1,1052.867612102,0.603376040444,0,QPSK 1/4,2048126311.111111,2048126311.111111,168.674593933,12142470.678898
1.599133333,a-r0,2,1052.867612102,0.967359855588,0,QPSK 2/5,3297987911.111111,1648993955.555555,209.266818932,15759726.878538
1.599133333,a-r0,4,1052.867612102,1.650000000000,1,QPSK 1/2,4131228977.777778,1032807244.444444,268.353221940,15394743.345765
1.599133333,b0,1,1052.867612102,1.650000000000,1,QPSK 1/2,4131228977.777778,4131228977.777778,268.353221940,15394743.345765
1.601900000,a-r0,1,1050.454901244,0.604761889491,0,QPSK 1/4,2048126311.111111,2048126311.111111,168.849616682,12129884.280178
1.601900000,a-r0,2,1050.454901244,0.969581711685,0,QPSK 2/5,3297987911.111111,1648993955.555555,209.488431559,15743055.053552
1.601900000,a-r0,4,1050.454901244,1.650000000000,1,QPSK 1/2,4131228977.777778,1032807244.444444,268.353221940,15394743.345765
1.601900000,b0,1,1050.454901244,1.650000000000,1,QPSK 1/2,4131228977.777778,4131228977.777778,268.353221940,15394743.345765
1.604666667,a-r0,1,1048.043002926,0.606153649352,0,QPSK 1/4,2048126311.111111,2048126311.111111,169.025184219,12117284.892061
1.604666667,a-r0,2,1048.043002926,0.971813044267,0,QPSK 2/5,3297987911.111111,1648993955.555555,209.710733991,15726366.735486
1.604666667,a-r0,4,1048.043002926,1.650000000000,1,QPSK 1/2,4131228977.777778,1032807244.444444,268.353221940,15394743.345765
1.604666667,b0,1,1048.043002926,1.650000000000,1,QPSK 1/2,4131228977.777778,4131228977.777778,268.353221940,15394743.345765
1.607433333,a-r0,1,1045.631933650,0.607551348096,0,QPSK 1/4,2048126311.111111,2048126311.111111,169.201298202,12104672.557959
1.607433333,a-r0,2,1045.631933650,0.974053898336,0,QPSK 2/5,3297987911.111111,1648993955.555555,209.933728330,15709661.983998
1.607433333,a-r0,4,1045.631933650,1.650000000000,1,QPSK 1/2,4131228977.777778,1032807244.444444,268.353221940,15394743.345765
1.607433333,b0,1,1045.631933650,1.650000000000,1,QPSK 1/2,4131228977.777778,4131228977.777778,268.353221940,15394743.345765
1.610200000,a-r0,1,1043.221709882,0.608955013957,0,QPSK 1/4,2048126311.111111,2048126311.111111,169.377960298,12092047.321340
1.610200000,a-r0,2,1043.221709882,0.976304319157,0,QPSK 2/5,3297987911.111111,1648993955.555555,210.157416687,15692940.858810
1.610200000,a-r0,4,1043.221709882,1.650000000000,1,QPSK 1/2,4131228977.777778,1032807244.444444,268.353221940,15394743.345765
1.610200000,b0,1,1043.221709882,1.650000000000,1,QPSK 1/2,4131228977.777778,4131228977.777778,268.353221940,15394743.345765
1.612966667,a-r0,1,1040.812348056,0.610364675331,0,QPSK 1/4,2048126311.111111,2048126311.111111,169.555172181,12079409.225722
1.612966667,a-r0,2,1040.812348056,0.978564352257,0,QPSK 2/5,3297987911.111111,1648993955.555555,210.381801181,15676203.419703
1.612966667,a-r0,4,1040.812348056,1.650000000000,1,QPSK 1/2,4131228977.777778,1032807244.444444,268.353221940,15394743.345765
1.612966667,b0,1,1040.812348056,1.650000000000,1,QPSK 1/2,4131228977.777778,4131228977.777778,268.353221940,15394743.345765
1.615733333,a-r0,1,1038.403864563,0.611780360783,0,QPSK 1/4,2048126311.111111,2048126311.111111,169.732935532,12066758.314678
1.615733333,a-r0,2,1038.403864563,0.980834043433,0,QPSK 2/5,3297987911.111111,1648993955.555555,210.606883940,15659449.726523
1.615733333,a-r0,4,1038.403864563,1.650000000000,1,QPSK 1/2,4131228977.777778,1032807244.444444,268.353221940,15394743.345765
1.615733333,b0,1,1038.403864563,1.650000000000,1,QPSK 1/2,4131228977.777778,4131228977.777778,268.353221940,15394743.345765
1.618500000,a-r0,1,1035.996275764,0.613202099045,0,QPSK 1/4,2048126311.111111,2048126311.111111,169.911252041,12054094.631833
1.618500000,a-r0,2,1035.996275764,0.983113438748,0,QPSK 2/5,3297987911.111111,1648993955.555555,210.832667102,15642679.839176
1.618500000,a-r0,4,1035.996275764,1.650000000000,1,QPSK 1/2,4131228977.777778,1032807244.444444,268.353221940,15394743.345765
1.618500000,b0,1,1035.996275764,1.650000000000,1,QPSK 1/2,4131228977.777778,4131228977.777778,268.353221940,15394743.345765
1.621266667,a-r0,1,1033.589597979,0.614629919016,0,QPSK 1/4,2048126311.111111,2048126311.111111,170.090123401,12041418.220864
1.621266667,a-r0,2,1033.589597979,0.985402584534,0,QPSK 2/5,3297987911.111111,1648993955.555555,211.059152814,15625893.817629
1.621266667,a-r0,4,1033.589597979,1.650000000000,1,QPSK 1/2,4131228977.777778,1032807244.444444,268.353221940,15394743.345765
1.621266667,b0,1,1033.589597979,1.650000000000,1,QPSK 1/2,4131228977.777778,4131228977.777778,268.353221940,15394743.345765
1.624033333,a-r0,1,1031.183847493,0.616063849764,0,QPSK 1/4,2048126311.111111,2048126311.111111,170.269551317,12028729.125499
1.624033333,a-r0,2,1031.183847493,0.987701527397,0,QPSK 2/5,3297987911.111111,1648993955.555555,211.286343233,15609091.721912
1.624033333,a-r0,4,1031.183847493,1.650000000000,1,QPSK 1/2,4131228977.777778,1032807244.444444,268.353221940,15394743.345765
1.624033333,b0,1,1031.183847493,1.650000000000,1,QPSK 1/2,4131228977.777778,4131228977.777778,268.353221940,15394743.345765
1.626800000,a-r0,1,1028.779040553,0.617503920531,0,QPSK 1/4,2048126311.111111,2048126311.111111,170.449537498,12016027.389521
1.626800000,a-r0,2,1028.779040553,0.990010314216,0,QPSK 2/5,3297987911.111111,1648993955.555555,211.514240524,15592273.612114
1.626800000,a-r0,4,1028.779040553,1.650000000000,1,QPSK 1/2,4131228977.777778,1032807244.444444,268.353221940,15394743.345765
1.626800000,b0,1,1028.779040553,1.650000000000,1,QPSK 1/2,4131228977.777778,4131228977.777778,268.353221940,15394743.345765
1.629566667,a-r0,1,1026.375193369,0.618950160726,0,QPSK 1/4,2048126311.111111,2048126311.111111,170.630083663,12003313.056763
1.629566667,a-r0,2,1026.375193369,0.992328992143,0,QPSK 2/5,3297987911.111111,1648993955.555555,211.742846863,15575439.548384
1.629566667,a-r0,4,1026.375193369,1.650000000000,1,QPSK 1/2,4131228977.777778,1032807244.444444,268.353221940,15394743.345765
1.629566667,b0,1,1026.375193369,1.650000000000,1,QPSK 1/2,4131228977.777778,4131228977.777778,268.353221940,15394743.345765
1.632333333,a-r0,1,1023.972322115,0.620402599935,0,QPSK 1/4,2048126311.111111,2048126311.111111,170.811191537,11990586.171110
1.632333333,a-r0,2,1023.972322115,0.994657608609,0,QPSK 2/5,3297987911.111111,1648993955.555555,211.972164433,15558589.590935
1.632333333,a-r0,4,1023.972322115,1.650000000000,1,QPSK 1/2,4131228977.777778,1032807244.444444,268.353221940,15394743.345765
1.632333333,b0,1,1023.972322115,1.650000000000,1,QPSK 1/2,4131228977.777778,4131228977.777778,268.353221940,15394743.345765
1.635100000,a-r0,1,1021.570442924,0.621861267915,0,QPSK 1/4,2048126311.111111,2048126311.111111,170.992862852,11977846.776498
1.635100000,a-r0,2,1021.570442924,0.996996211324,0,QPSK 2/5,3297987911.111111,1648993955.555555,212.202195429,15541723.800036
1.635100000,a-r0,4,1021.570442924,1.650000000000,1,QPSK 1/2,4131228977.777778,1032807244.444444,268.353221940,15394743.345765
1.635100000,b0,1,1021.570442924,1.650000000000,1,QPSK 1/2,4131228977.777778,4131228977.777778,268.353221940,15394743.345765
1.637866667,a-r0,1,1019.169571897,0.623326194599,0,QPSK 1/4,2048126311.111111,2048126311.111111,171.175099348,11965094.916915
1.637866667,a-r0,2,1019.169571897,0.999344848278,0,QPSK 2/5,3297987911.111111,1648993955.555555,212.432942053,15524842.236018
1.637866667,a-r0,4,1019.169571897,1.650000000000,1,QPSK 1/2,4131228977.777778,1032807244.444444,268.353221940,15394743.345765
1.637866667,b0,1,1019.169571897,1.650000000000,1,QPSK 1/2,4131228977.777778,4131228977.777778,268.353221940,15394743.345765
1.640633333,a-r0,1,1016.769725091,0.624797410097,0,QPSK 1/4,2048126311.111111,2048126311.111111,171.357902774,11952330.636400
1.640633333,a-r0,2,1016.769725091,1.001703567743,0,QPSK 2/5,3297987911.111111,1648993955.555555,212.664406520,15507944.959271
1.640633333,a-r0,4,1016.769725091,1.650000000000,1,QPSK 1/2,4131228977.777778,1032807244.444444,268.353221940,15394743.345765
1.640633333,b0,1,1016.769725091,1.650000000000,1,QPSK 1/2,4131228977.777778,4131228977.777778,268.353221940,15394743.345765
1.643400000,a-r0,1,1014.370918528,0.626274944695,0,QPSK 1/4,2048126311.111111,2048126311.111111,171.541274884,11939553.979044
1.643400000,a-r0,2,1014.370918528,1.004072418277,0,QPSK 2/5,3297987911.111111,1648993955.555555,212.896591052,15491032.030244
1.643400000,a-r0,4,1014.370918528,1.650000000000,1,QPSK 1/2,4131228977.777778,1032807244.444444,268.353221940,15394743.345765
1.643400000,b0,1,1014.370918528,1.650000000000,1,QPSK 1/2,4131228977.777778,4131228977.777778,268.353221940,15394743.345765
1.646166667,a-r0,1,1011.973168194,0.627758828859,0,QPSK 1/4,2048126311.111111,2048126311.111111,171.725217442,11926764.988988
1.646166667,a-r0,2,1011.973168194,1.006451448722,0,QPSK 2/5,3297987911.111111,1648993955.555555,213.129497880,15474103.509446
1.646166667,a-r0,4,1011.973168194,1.650000000000,1,QPSK 1/2,4131228977.777778,1032807244.444444,268.353221940,15394743.345765
1.646166667,b0,1,1011.973168194,1.650000000000,1,QPSK 1/2,4131228977.777778,4131228977.777778,268.353221940,15394743.345765
1.648933333,a-r0,1,1009.576490031,0.629249093233,0,QPSK 1/4,2048126311.111111,2048126311.111111,171.909732218,11913963.710424
1.648933333,a-r0,2,1009.576490031,1.008840708211,0,QPSK 2/5,3297987911.111111,1648993955.555555,213.363129247,15457159.457443
1.648933333,a-r0,4,1009.576490031,1.650000000000,1,QPSK 1/2,4131228977.777778,1032807244.444444,268.353221940,15394743.345765
1.648933333,b0,1,1009.576490031,1.650000000000,1,QPSK 1/2,4131228977.777778,4131228977.777778,268.353221940,15394743.345765
1.651700000,a-r0,1,1007.180899949,0.630745768644,0,QPSK 1/4,2048126311.111111,2048126311.111111,172.094820990,11901150.187593
1.651700000,a-r0,2,1007.180899949,1.011240246165,0,QPSK 2/5,3297987911.111111,1648993955.555555,213.597487405,15440199.934863
1.651700000,a-r0,4,1007.180899949,1.650000000000,1,QPSK 1/2,4131228977.777778,1032807244.444444,268.353221940,15394743.345765
1.651700000,b0,1,1007.180899949,1.650000000000,1,QPSK 1/2,4131228977.777778,4131228977.777778,268.353221940,15394743.345765
1.654466667,a-r0,1,1004.786413814,0.632248886099,0,QPSK 1/4,2048126311.111111,2048126311.111111,172.280485545,11888324.464789
1.654466667,a-r0,2,1004.786413814,1.013650112297,0,QPSK 2/5,3297987911.111111,1648993955.555555,213.832574614,15423225.002387
1.654466667,a-r0,4,1004.786413814,1.650000000000,1,QPSK 1/2,4131228977.777778,1032807244.444444,268.353221940,15394743.345765
1.654466667,b0,1,1004.786413814,1.650000000000,1,QPSK 1/2,4131228977.777778,4131228977.777778,268.353221940,15394743.345765
1.657233333,a-r0,1,1002.393047456,0.633758476791,0,QPSK 1/4,2048126311.111111,2048126311.111111,172.466727676,11875486.586355
1.657233333,a-r0,2,1002.393047456,1.016070356614,0,QPSK 2/5,3297987911.111111,1648993955.555555,214.068393147,15406234.720760
1.657233333,a-r0,4,1002.393047456,1.650000000000,1,QPSK 1/2,4131228977.777778,1032807244.444444,268.353221940,15394743.345765
1.657233333,b0,1,1002.393047456,1.650000000000,1,QPSK 1/2,4131228977.777778,4131228977.777778,268.353221940,15394743.345765
1.660000000,a-r0,1,1000.000816666,0.635274572095,0,QPSK 1/4,2048126311.111111,2048126311.111111,172.653549185,11862636.596684
1.660000000,a-r0,2,1000.000816666,1.018501029422,0,QPSK 2/5,3297987911.111111,1648993955.555555,214.304945283,15389229.150779
1.660000000,a-r0,4,1000.000816666,1.650000000000,1,QPSK 1/2,4131228977.777778,1032807244.444444,268.353221940,15394743.345765
1.660000000,b0,1,1000.000816666,1.650000000000,1,QPSK 1/2,4131228977.777778,4131228977.777778,268.353221940,15394743.345765
